{"type":"FeatureCollection","features":[{"type":"Feature","id":410,"geometry":{"type":"Polygon","coordinates":[[[-3.6444743997166653,40.63809516196147],[-3.644865499119015,40.63834172735756],[-3.6450222989674663,40.638447578823396],[-3.6452251803865017,40.63859325059034],[-3.6459283168194334,40.63911475317982],[-3.6468609356612998,40.639804114725344],[-3.646928773941682,40.63985863291346],[-3.64698486403863,40.63990259650846],[-3.6470224219441336,40.63993546607991],[-3.647088020204285,40.639994105598234],[-3.647219864855463,40.64011110972575],[-3.6476135632540383,40.64046745112482],[-3.6478842765661255,40.64070106635095],[-3.648223292544336,40.6410096401082],[-3.648345253672314,40.64110701706744],[-3.6483627542133705,40.64112020666124],[-3.648479368179411,40.64120148610122],[-3.64852787629372,40.641235320673154],[-3.648640336367067,40.64131748811288],[-3.6487252675316624,40.641377945951],[-3.6487558353630636,40.641400800492505],[-3.648863627382193,40.641443445690854],[-3.649125790585659,40.641548671493],[-3.649617173406135,40.64174693766871],[-3.650282245565535,40.641985663851756],[-3.6509334872158647,40.642225673115576],[-3.6513204185362604,40.64236603438912],[-3.6515275992445138,40.64244062709783],[-3.6519295432560392,40.642575869351326],[-3.6522137989913452,40.642657585775986],[-3.65261406579807,40.64271773670939],[-3.6527995642913416,40.64274420081759],[-3.653636103550179,40.642897490520006],[-3.6549342469627333,40.64313712704679],[-3.655413674261827,40.643226187653276],[-3.655675368622615,40.64327606068942],[-3.6556927625196116,40.64327826815457],[-3.6558614114182935,40.64324681594295],[-3.6558805388839457,40.64324356326594],[-3.6559452395263,40.64322871876984],[-3.656138827836893,40.642934899028546],[-3.656202363736491,40.642909845131854],[-3.6564611695657985,40.642813557514394],[-3.656751332334131,40.64270079423202],[-3.6570477444739136,40.642590199994075],[-3.6573854863616906,40.6424617982359],[-3.6576623329532247,40.64235482629617],[-3.6580219748588805,40.64222542140197],[-3.658479507849944,40.64205433427731],[-3.6590166441897125,40.64162632215006],[-3.659230901673186,40.64145035367531],[-3.6593131730180284,40.64138013224774],[-3.659388894973398,40.64132447650443],[-3.659735228532208,40.64105410010299],[-3.6602433183371246,40.64064186837324],[-3.6604329177151897,40.64048822167931],[-3.6607738474867135,40.640215548798935],[-3.661087165321387,40.639964468307014],[-3.6613374917157313,40.63976410461775],[-3.661668640031401,40.639495396676566],[-3.661732043777665,40.63941199106593],[-3.6617964070655344,40.63932756914315],[-3.6618842638181808,40.63921633232864],[-3.661978959639256,40.63891861914187],[-3.661986748495156,40.63889913369115],[-3.662138615993238,40.63842980994959],[-3.6621683002314334,40.638343768688586],[-3.6622065558695263,40.63821920205283],[-3.6622408123039207,40.63813632363604],[-3.662293985693276,40.63803482561319],[-3.6623465581933448,40.637953191621044],[-3.6623938674430128,40.63787484174177],[-3.6624472048597685,40.63781426658841],[-3.6624473007659346,40.63781415883453],[-3.662447395489582,40.63781405108745],[-3.6628298976237836,40.637382418942636],[-3.663030114908455,40.637156150796926],[-3.6631010254428964,40.63707407964208],[-3.66327238607908,40.636882426089336],[-3.6640957868560227,40.635952336621045],[-3.6643078292758924,40.63570780962002],[-3.664450415310378,40.6355224637567],[-3.665493014128209,40.63417827824522],[-3.6657582488456604,40.633769654461844],[-3.6672188453465955,40.63130843847145],[-3.6673027060048193,40.631165949431534],[-3.6673878369472646,40.6309824362712],[-3.6675517304956995,40.63062674349936],[-3.6679953863600567,40.62966567688374],[-3.668022214493788,40.62960717128684],[-3.668349070765306,40.62889192509679],[-3.66838276561956,40.628640098349834],[-3.6684289602784452,40.62831376012512],[-3.668547098783828,40.627448634825534],[-3.668558995581529,40.627363460499055],[-3.668523147209107,40.62702096698086],[-3.668518603448697,40.62614318268265],[-3.6685205878981835,40.62591651153997],[-3.668389494318542,40.625639720343905],[-3.668232097881787,40.62530396588436],[-3.667700153948675,40.62416878022822],[-3.667421830508652,40.62357831702351],[-3.6673583908203207,40.623444480514095],[-3.667109889393109,40.622914418877436],[-3.6670629460689015,40.622812855284415],[-3.667043341419819,40.62275324060118],[-3.666974240843171,40.62253509676734],[-3.666935647735157,40.62232801060429],[-3.6668658901671156,40.62192009242844],[-3.666845386347317,40.62181293567912],[-3.666807452203539,40.6215672873428],[-3.666807077810506,40.621565067949746],[-3.6667569337375996,40.62126774118766],[-3.666651414338525,40.62066358469906],[-3.6666121887800087,40.62043071899543],[-3.666552007065897,40.6200639692115],[-3.6666436617949447,40.61983263626474],[-3.666711266125542,40.619746104437056],[-3.666837707062995,40.61957950100407],[-3.668584537297771,40.618736485014026],[-3.670930586075182,40.61760910199812],[-3.671138404283184,40.61750707768551],[-3.6712128663095416,40.61747223155528],[-3.671262764319604,40.61745653659812],[-3.6713856602732546,40.617422733123334],[-3.671483310895406,40.617396706705065],[-3.6715878032809734,40.617369181003156],[-3.6718982853856583,40.617285071251],[-3.672215360440276,40.617199480891884],[-3.673125903092383,40.61695234683959],[-3.6735782241135757,40.61682837272031],[-3.673586795161607,40.61682602370033],[-3.6737002521152906,40.616781363226465],[-3.6743604490838355,40.6165418865375],[-3.674526334676562,40.61647373961231],[-3.6745964723306748,40.616442014663306],[-3.674655915390797,40.61641037196453],[-3.674772894164398,40.616317565155825],[-3.674979381144993,40.61609951809649],[-3.675310266987276,40.61573044145531],[-3.6753026288178736,40.61569814832838],[-3.675298703547882,40.61568155284916],[-3.6753046867403367,40.615666421911676],[-3.6753167275098484,40.61565528876867],[-3.675335320725228,40.61563390139349],[-3.6755961279264513,40.61535042036155],[-3.6758232752614206,40.61509967528897],[-3.675915584502214,40.615075532180384],[-3.6761589068694405,40.614810043556],[-3.676234478642795,40.61471111748815],[-3.676265992816978,40.61466632165439],[-3.676288369861102,40.61459818360316],[-3.6763105760008696,40.61456468517544],[-3.676503631793648,40.614356857845344],[-3.676681244667275,40.614149931456396],[-3.676687634560787,40.614142464504525],[-3.6768396303130477,40.613964837558086],[-3.6773105390227565,40.613411984784925],[-3.677786915417134,40.612858170067355],[-3.6781698753479586,40.61240870972656],[-3.6783861308809844,40.61215594246204],[-3.678618900744546,40.61188348372274],[-3.67878495253579,40.61168952249715],[-3.678978600352832,40.61146466995353],[-3.6791431867758804,40.61126978891678],[-3.6792240145739354,40.611174757758754],[-3.679322734297144,40.611108422282314],[-3.679475341401304,40.61100429330585],[-3.679667959979506,40.61086728096274],[-3.679799568829203,40.61081533669408],[-3.6800263365247434,40.610723752069504],[-3.680281217197024,40.610620839572725],[-3.6806456853335514,40.61047211987139],[-3.6810385685765934,40.610311682250504],[-3.681316989846798,40.61020027754205],[-3.6818928276625926,40.60996602996356],[-3.682232494490433,40.60982719013801],[-3.6823879869804106,40.60976457060623],[-3.6824323346190018,40.609747903641725],[-3.6826849173952123,40.609644098540855],[-3.683320375058707,40.60939182525973],[-3.683711892745986,40.60923898910655],[-3.684082093149613,40.60909515331169],[-3.684600847862885,40.60889162584328],[-3.684774043154902,40.60881972725476],[-3.685083234384191,40.608661006243715],[-3.6853273682525263,40.60846247340029],[-3.6855815614382146,40.60825575623298],[-3.686080739758218,40.60786093564091],[-3.6864847292576086,40.607549256531705],[-3.68705392832124,40.607097803581155],[-3.6872512811770504,40.60693975999535],[-3.6874173773400982,40.60680911755437],[-3.687609938360967,40.60657467159553],[-3.687778060800738,40.60626249916016],[-3.687904708004299,40.60601980578649],[-3.6880618411734942,40.605732436409525],[-3.688200363928568,40.60546999682317],[-3.688305595255937,40.60528885229108],[-3.688350654904315,40.60521298226725],[-3.688424714291717,40.605088102906564],[-3.6888507038239355,40.604364835423524],[-3.6890395509309593,40.60404383499204],[-3.689282862217475,40.6036308450971],[-3.689544624494909,40.60318598863736],[-3.6903012742807784,40.60189951330596],[-3.690379521491838,40.60176421149711],[-3.6904794250255444,40.60159364600026],[-3.690575288465455,40.60143137461212],[-3.6906308759705926,40.601312054515795],[-3.690644804008488,40.60128140810704],[-3.6906747947049032,40.601215416161416],[-3.6906947080848678,40.60115779415219],[-3.690805611684327,40.600830896581506],[-3.6916965994939006,40.59821030185558],[-3.6917818604977075,40.597960392536265],[-3.691863671634127,40.597718683770104],[-3.6918913540277813,40.5976501954585],[-3.6919676787121443,40.5974839588928],[-3.6920099393103287,40.597393131557155],[-3.6920779077302335,40.597273889666255],[-3.692838539729029,40.59594341901425],[-3.6928910408332425,40.59585221460328],[-3.6940418181105463,40.59384189001699],[-3.6941795303897194,40.593600501202154],[-3.6942889593133517,40.59340803770632],[-3.694421299198318,40.593174131137346],[-3.694575045960098,40.59290651097638],[-3.6946826012781546,40.592714788066914],[-3.694814290829862,40.59248453349084],[-3.6949337538997558,40.592276522912144],[-3.695078480201506,40.59201693809385],[-3.695246866767208,40.59172222059046],[-3.6954045820906476,40.59144247660015],[-3.695589573478965,40.59111849719618],[-3.6957570891943536,40.59082227969208],[-3.6959846685094093,40.590424342287264],[-3.696092052527908,40.590237375668174],[-3.696222505325951,40.59002894612326],[-3.696304904070155,40.58991923602303],[-3.6963315648836557,40.589879454697964],[-3.6964727782766102,40.589790281258615],[-3.696745201824328,40.58963538999745],[-3.6969007924271886,40.58955500295609],[-3.6971055292408113,40.58944945488433],[-3.6974944331171145,40.58925030137972],[-3.6979011653322478,40.58904077784769],[-3.6983381841514293,40.588816664742275],[-3.6987517324006536,40.58860287188528],[-3.699020159192534,40.588467763787726],[-3.6994390607001337,40.58824895511608],[-3.6998284292650028,40.588048097277714],[-3.70034726232631,40.58778157200525],[-3.7004195842703593,40.587734107654214],[-3.7007902995925566,40.58755144930626],[-3.7011202431837678,40.58738210899088],[-3.7013958060789025,40.58724124138435],[-3.7015623226927636,40.587155826880426],[-3.7017716617641447,40.58704768408016],[-3.701864775179943,40.58699992133649],[-3.701958577508827,40.58695137957594],[-3.702040147648144,40.58690041665159],[-3.702227215662008,40.586783723915055],[-3.7024918038774572,40.58659278654078],[-3.702948662939242,40.586263312734296],[-3.7033023578972744,40.586008229194334],[-3.7037109128030217,40.58571577525911],[-3.7041672585484715,40.58538468716477],[-3.7043946687972262,40.585220385796354],[-3.7046984949240374,40.58500091648245],[-3.7047825427093035,40.584944160067074],[-3.705017339523435,40.584849136787014],[-3.7051956285949696,40.58478191499259],[-3.7053862450503683,40.58469678115463],[-3.7053951556754035,40.58379733388829],[-3.7053956064446196,40.58354443652607],[-3.705397766858298,40.5829796337406],[-3.705864764852198,40.5830047100229],[-3.707631597932057,40.58314886718487],[-3.7078861310610813,40.58375630415895],[-3.7085890424190198,40.583517772320434],[-3.710841712216569,40.583119274668825],[-3.7110262968262218,40.58309989583189],[-3.7112050956052376,40.58308068745525],[-3.7113587987577596,40.58306477921857],[-3.7114936135326646,40.583049849261954],[-3.7116515722156533,40.583076371020944],[-3.713001172333806,40.58329336624893],[-3.713710267539457,40.58300514112374],[-3.714538486797196,40.58265714477139],[-3.71604061566102,40.58279693756723],[-3.7164855954464646,40.58283670972145],[-3.717251925528782,40.58289772069233],[-3.7182889783761763,40.58252913169799],[-3.7186582421986913,40.582397043585345],[-3.7194201645490605,40.58212481381168],[-3.7206624866894225,40.582219014150304],[-3.721431432701747,40.58260035588977],[-3.721992118653114,40.582758101845734],[-3.723438144834451,40.58316639538135],[-3.723583174488409,40.58320651026763],[-3.724698020051644,40.583523804060896],[-3.72504844202986,40.58362000794242],[-3.726004047369991,40.5838860060486],[-3.7264575436769922,40.58401298127681],[-3.7266713535221507,40.58407154388778],[-3.727290507168759,40.58425642611829],[-3.727760020849115,40.58439409778626],[-3.7281940789060664,40.58452891726492],[-3.7291501745185114,40.58486155379318],[-3.7298090218609814,40.58509013471831],[-3.7300207647385006,40.58511418253636],[-3.7302239053495447,40.58514083473131],[-3.7304600521613946,40.585167187762416],[-3.7306368341069382,40.58518873668033],[-3.7310324713412943,40.585235022306115],[-3.7322948558880946,40.58538720214525],[-3.7327784386120455,40.58531850917484],[-3.7331572882587527,40.585266456041296],[-3.7335555342885223,40.585322467556715],[-3.7337002101158765,40.58534371748398],[-3.733982195289745,40.585377646710896],[-3.73424735675776,40.585459906153936],[-3.7343372660611327,40.585480090819196],[-3.7344568311829214,40.585502529133905],[-3.7345609704495213,40.58552415283402],[-3.7349798622277905,40.58560452028626],[-3.7351614212754645,40.58563907747836],[-3.7353247396332483,40.58567161542497],[-3.735524274893341,40.58568755899603],[-3.7358381416661253,40.585716577189764],[-3.736559613528881,40.58590377567509],[-3.737268802425623,40.586069986431085],[-3.737738966381094,40.58627329170657],[-3.738173622114309,40.58647051223511],[-3.738565220964666,40.58694277751152],[-3.738983141856459,40.587807658922166],[-3.7391688808325054,40.58805895201372],[-3.7396861407134443,40.58930144329266],[-3.7408168332647436,40.59064629455919],[-3.742261695476048,40.591026217999335],[-3.743730089473218,40.591406861850224],[-3.7443725110184336,40.591579301619234],[-3.74539458595897,40.591886224269096],[-3.7458042548133554,40.59219953053991],[-3.745807135628037,40.59220173349893],[-3.749257884523038,40.59271142210828],[-3.750148108400895,40.59243877758587],[-3.7505237622544687,40.59278680498168],[-3.752195565563943,40.594343156056034],[-3.752219598959757,40.594361835044474],[-3.752294637067349,40.59440752701062],[-3.7529618041168544,40.59477103416809],[-3.753641568853214,40.59475916862256],[-3.754322234722511,40.594994907760174],[-3.7570973886183263,40.59596142609179],[-3.7573715865656037,40.59606188588169],[-3.757673936070491,40.596049541075345],[-3.75784414868797,40.59605202879774],[-3.7584529421223642,40.59609100449472],[-3.7584618203988556,40.596091868691076],[-3.758467747270216,40.596095943166546],[-3.758829131449364,40.5963626437376],[-3.7589929817526633,40.596478716027946],[-3.7590465887080717,40.596516200497256],[-3.759243218221345,40.59665994989513],[-3.7594573550308,40.59678466546923],[-3.7598515986654166,40.59700948847846],[-3.760230129295215,40.597099994937096],[-3.7606723151865644,40.59720369316704],[-3.7608856350004913,40.597255440603945],[-3.761556342243371,40.59751678552218],[-3.762161620396247,40.597753030202576],[-3.7622159871447516,40.59777079703727],[-3.763117383719803,40.598019990748924],[-3.763575036825863,40.598147594744866],[-3.7639341283557486,40.59824844875706],[-3.7642081386587734,40.598321787060065],[-3.7652407978000544,40.598397886240086],[-3.7653356991949765,40.5984305420498],[-3.765978944832157,40.59864259593491],[-3.7662853237177663,40.598791806073194],[-3.767307549819838,40.599300327816174],[-3.767625393278804,40.599452958100905],[-3.7681692112769114,40.59966081466441],[-3.769053912420666,40.599762949345276],[-3.769462229016254,40.59981502013494],[-3.7699573383437692,40.599873802603554],[-3.770322149534745,40.599919415514954],[-3.77060167629735,40.599954032689304],[-3.7710019939283304,40.6000045775681],[-3.771399529462945,40.600050967691296],[-3.7719003223821463,40.60011334068742],[-3.7724724124443796,40.600179197637026],[-3.772786239507926,40.600243294531936],[-3.7732512098394078,40.60033425093322],[-3.7738032343540606,40.60044378294898],[-3.7743186703235367,40.600543635393144],[-3.774714374364566,40.60064886873314],[-3.7750241778643225,40.600740705500364],[-3.7753915234069324,40.60084261609286],[-3.7754359952744316,40.600856605385516],[-3.775774928282967,40.60095102105191],[-3.776532187304328,40.60117387855388],[-3.777171704462844,40.60135239412965],[-3.778262768688236,40.6017317005323],[-3.7789349523513422,40.60174412278347],[-3.779787311778715,40.601168993169146],[-3.780483217127188,40.60102085656197],[-3.7810105253410584,40.600916476263485],[-3.7816335850416767,40.60080995646801],[-3.7822631771687125,40.60146043080258],[-3.7828027278019176,40.601713729523674],[-3.7834835125462885,40.60176812426972],[-3.783992126857482,40.601413546840796],[-3.784463332763666,40.601075357686476],[-3.785024462636491,40.60047945339846],[-3.785654688969927,40.600401147036294],[-3.786321792839813,40.60038374827566],[-3.7872426236960997,40.599951725577704],[-3.788085840465717,40.599558240194746],[-3.7890559431813986,40.599100005457565],[-3.7899120163457023,40.59899005981607],[-3.7903156010680483,40.599042622530796],[-3.7908560554169823,40.59912088556894],[-3.7911647159900976,40.59916204064894],[-3.7919946343299933,40.599282482317925],[-3.7922835670575266,40.59932914879037],[-3.7929269518792013,40.599466177076685],[-3.794134916704843,40.5997722916813],[-3.7945557630083,40.59982018136569],[-3.795319563203091,40.59990651534068],[-3.7957358001309527,40.59990114491421],[-3.796037935264829,40.599901585413946],[-3.7967435339197673,40.59988586649579],[-3.7972401168631,40.599702270695815],[-3.7976587469939433,40.599408068621614],[-3.797872173478458,40.59925071280114],[-3.7985046332167136,40.598810503252444],[-3.799118804419252,40.598490270736235],[-3.7997719868100583,40.598589711375844],[-3.7999118539041237,40.598617067152944],[-3.8005340573377318,40.598771932530376],[-3.8011117556233702,40.59888814047922],[-3.802595297379823,40.59888641384265],[-3.8029985707649168,40.59887673810182],[-3.8033560684794327,40.59888157710924],[-3.8035275173224505,40.59898668839743],[-3.8034987491933356,40.599051751384906],[-3.8033197330479918,40.59940073265618],[-3.8031879290319637,40.599645785850775],[-3.8031082163902066,40.59979948853299],[-3.802982443315862,40.600055310019215],[-3.802937312134846,40.600135801453874],[-3.802917781866111,40.6001827826099],[-3.8026126773928115,40.600761460869194],[-3.8025330914260556,40.600925972724255],[-3.80241413090623,40.60115832352736],[-3.8022489781790405,40.601481982293556],[-3.802078682502414,40.60177054339455],[-3.801804364941326,40.60225621662603],[-3.801550532404876,40.60267597791745],[-3.8014254860710244,40.60289699727058],[-3.8011199938224522,40.60344290394006],[-3.801012393737096,40.603631519051255],[-3.800626486415805,40.60429958448122],[-3.8003173316074976,40.604834008378816],[-3.800311568065973,40.604845291201],[-3.80052994887242,40.60590097100228],[-3.8017049242962604,40.60634803973791],[-3.802186697646357,40.60631086861844],[-3.803047260701119,40.606597237449726],[-3.803341451547981,40.606695656783295],[-3.8039834599038693,40.60691017427093],[-3.8048554751719172,40.60718694744314],[-3.804896242978261,40.60720168807494],[-3.8049735498031594,40.607249038730195],[-3.8055822613233437,40.607634740452134],[-3.8057426784064883,40.60773573161805],[-3.805871462745375,40.60781935556566],[-3.8059310688311645,40.60784467754721],[-3.8061254150300203,40.60791604858601],[-3.8062556445569986,40.60803143214771],[-3.8062699613994555,40.60839049884654],[-3.806450655924076,40.6086414380317],[-3.806420310063668,40.60874182501644],[-3.806193804932603,40.60908123488609],[-3.8061643369136937,40.609123502262364],[-3.806079294737566,40.60925692030258],[-3.8060779082468454,40.60927296098442],[-3.8060836899696358,40.609290194838856],[-3.806201026072525,40.609510846039065],[-3.806508368316534,40.60945608035546],[-3.8067044373434165,40.60942158598313],[-3.8069427749230864,40.60936431922344],[-3.8069588477239735,40.60935608196599],[-3.8072602900202708,40.60924325651583],[-3.8073791483647548,40.60919918386087],[-3.80777148429573,40.60919013532087],[-3.807977070568441,40.60918239206385],[-3.8081011011064896,40.60917521910555],[-3.80822513160498,40.60916804511347],[-3.8084145827896956,40.60919465160097],[-3.8086514635904605,40.60923353339423],[-3.8087462001637227,40.60924773441828],[-3.809016344895207,40.60928868785663],[-3.809103126161723,40.60930170111023],[-3.8091760747342556,40.60931274101186],[-3.809265851376087,40.60940580258789],[-3.809347725022543,40.60950102661162],[-3.809388691582595,40.609693688105864],[-3.8094203138187424,40.609875064091234],[-3.8096077675207067,40.60986916476758],[-3.8096838717957375,40.60983701968818],[-3.8097348265483535,40.6098111768095],[-3.8097994301654956,40.609718411589654],[-3.809846061678921,40.60964878060316],[-3.8099341500165265,40.60952250037926],[-3.809939340959814,40.609499140422415],[-3.8099482134399985,40.609439017121595],[-3.810079538009027,40.60946515825187],[-3.8101432322403013,40.60947823355722],[-3.810176910274195,40.60948319534163],[-3.8102437678178465,40.60948120385318],[-3.810283431079021,40.609457133584144],[-3.8102865502038674,40.60945504870607],[-3.8103688315543778,40.609445048293786],[-3.81050139046243,40.60943039964863],[-3.810721492377937,40.609406079010945],[-3.810801419400989,40.609389077030926],[-3.810817361797393,40.6093848571375],[-3.81094784503474,40.60928858380831],[-3.8110597511266557,40.609162441781145],[-3.811191565486629,40.60901599832031],[-3.8113004105967354,40.60889779621338],[-3.811367827959064,40.6088150910928],[-3.8114492810493665,40.60871715268361],[-3.8115470741942103,40.60869382666792],[-3.811627613980258,40.608701179368495],[-3.8117842663705015,40.608721221849976],[-3.811896894543103,40.60864713527781],[-3.8119399459930197,40.60863451772025],[-3.8120032240220088,40.60861812743141],[-3.8120942975319854,40.608589488012285],[-3.812283464773,40.60851651145222],[-3.81234747572428,40.60849233229292],[-3.812402412936863,40.608471451051805],[-3.812466415740124,40.608426110418975],[-3.8126124087356055,40.60835956295236],[-3.8127618613766456,40.60830931474162],[-3.8128256758395156,40.60828846091491],[-3.8127951234702904,40.608161932356325],[-3.812517226995716,40.60788208617072],[-3.8123076333164323,40.607760573535316],[-3.811771183059406,40.607444671075164],[-3.8114692744244882,40.607267384131944],[-3.8113733623739168,40.60721249221759],[-3.811307852686965,40.60719672862015],[-3.8111550419982723,40.60717247755201],[-3.8110676568667827,40.60715595667162],[-3.810967762207857,40.60712856986669],[-3.8109093637427844,40.60710967332772],[-3.8108547297196673,40.607091823268256],[-3.8107948513582737,40.60706685798017],[-3.8107326029631206,40.60704012286927],[-3.8106763059957456,40.60701484410039],[-3.8105846794473894,40.60696628159842],[-3.81054887598648,40.60694770465791],[-3.81049389520273,40.606916983406194],[-3.8103848191976626,40.606859363313795],[-3.8103455437924394,40.606835171214875],[-3.8103216773015074,40.606820375188946],[-3.810295944280323,40.60680370943169],[-3.810263638836933,40.60677722523431],[-3.8102418314549618,40.6067577302138],[-3.810219254258366,40.60673125883487],[-3.8101652238275103,40.60667643244343],[-3.810141609448023,40.60665020435261],[-3.810117590306135,40.6066188423262],[-3.810095754086509,40.60658031026129],[-3.810053762932634,40.60652109410555],[-3.810035622024076,40.6064869882181],[-3.8098150565580204,40.60610414113028],[-3.809766742144522,40.60602729319678],[-3.809851838732826,40.60593751024027],[-3.8097920689221176,40.60581546482658],[-3.8097456476571314,40.60585333862828],[-3.8096976474134543,40.60588280933908],[-3.809699623080033,40.60583594115081],[-3.809700111684952,40.60581570414667],[-3.809699965601207,40.60579772377133],[-3.809699117844095,40.60575500136878],[-3.8096821280865605,40.60569578005487],[-3.8096782699871565,40.6056855912163],[-3.8095283190170086,40.605390578038026],[-3.8094056458243712,40.60511757277046],[-3.8093773337820007,40.60502539758161],[-3.8092341296866805,40.604812472794265],[-3.8091237329705296,40.604637907739196],[-3.8088682239166407,40.604266403131106],[-3.8087406950154574,40.6040580956927],[-3.807715878233341,40.602504243955316],[-3.8069312101478214,40.60128872317589],[-3.8063096544093096,40.600335292263445],[-3.8060079751408824,40.59986719639767],[-3.8061485001413735,40.59980200146063],[-3.8063053754329137,40.59972737718823],[-3.807129347248254,40.59933618189959],[-3.8079417754448532,40.59895666832553],[-3.8113457855013895,40.59736465013394],[-3.812526887186867,40.596904910953015],[-3.812629973516834,40.596849626149684],[-3.813925766678309,40.59613729239104],[-3.8144367083893274,40.595416595756994],[-3.816134810560007,40.59501020460497],[-3.81738642046713,40.59501577612362],[-3.8188873279495055,40.59501866781571],[-3.8202874530327433,40.595011445312885],[-3.821094967388135,40.59481357753654],[-3.8216798170106694,40.594665514788325],[-3.822166243353188,40.59454361378935],[-3.8227481767868223,40.59439501415871],[-3.8239999971463043,40.59451384505048],[-3.8249477270539787,40.594602581587644],[-3.8263990938691426,40.59474143427674],[-3.8271402472180203,40.594712150571006],[-3.827378355580102,40.59469946174134],[-3.8275504164032945,40.594693894996496],[-3.828072715764099,40.594600758961654],[-3.8286427051924563,40.59444796587441],[-3.8289651502693336,40.59435984490426],[-3.8295654967381085,40.59420041157289],[-3.830076846034103,40.59406714728305],[-3.830180693778642,40.594036248710395],[-3.8309129835797457,40.59396248248549],[-3.83148777527324,40.59390151903774],[-3.831946209678062,40.59385149867921],[-3.832263199712392,40.59377473988048],[-3.8325597942365963,40.59370441171562],[-3.8327471029482942,40.59365816282668],[-3.833232634793722,40.593539826107225],[-3.8332709004912915,40.59352806572926],[-3.833332294946234,40.59350526223508],[-3.8333885557685656,40.59347666079593],[-3.8338293727133537,40.593172098659686],[-3.83439047282574,40.59279642222468],[-3.834738738024646,40.59256545261456],[-3.8354016930010464,40.59211545722013],[-3.8354487429734307,40.59209887327538],[-3.835796514428737,40.59194528271738],[-3.8361410741082986,40.591800567240874],[-3.836686678622862,40.5915709106969],[-3.8368106781376827,40.591544967240175],[-3.8376963492337812,40.591357347535165],[-3.838472534536832,40.59164547859832],[-3.8397108395724677,40.59210314575881],[-3.840550600414983,40.59241159630809],[-3.841404561677153,40.59261452346243],[-3.8416915828834024,40.59267129707774],[-3.8424387902686648,40.59254213193147],[-3.8427579163570282,40.59248852534608],[-3.8430827238453227,40.59243256387044],[-3.843408244266582,40.59237648366725],[-3.843652931992897,40.59228755529758],[-3.8442670183729217,40.592066868807215],[-3.8446375479660393,40.59193470446901],[-3.8452471227751768,40.591591905450514],[-3.8456578856841426,40.59136090595982],[-3.846289353521027,40.59125963537389],[-3.8467265269778723,40.59119010107484],[-3.8474115524534613,40.591082421110734],[-3.8476084748488404,40.5910486267674],[-3.8481007650450536,40.59097577387712],[-3.8482513786928676,40.59095495409361],[-3.848758354371021,40.590959219660704],[-3.8493703461474627,40.59075432185795],[-3.8502377449223193,40.59043968946424],[-3.8504593336971573,40.59032902551186],[-3.8505262713101485,40.5902927121355],[-3.8505272783158278,40.59029216599854],[-3.850952149010049,40.590084694422366],[-3.851186459974763,40.58996124024897],[-3.851401805973139,40.58986072107653],[-3.8516742870637293,40.58971992382403],[-3.852140375386952,40.58948047377202],[-3.8523974880734295,40.589349768059485],[-3.852595852217769,40.58925014673053],[-3.8527579744372615,40.58917326760702],[-3.852922014536389,40.58908934638556],[-3.8529673846115875,40.589073868583476],[-3.853454549102904,40.58891714868924],[-3.8537051709755827,40.58883747832415],[-3.854081695250967,40.58854117155228],[-3.8541667075435715,40.58846693440457],[-3.85423802455062,40.588426003750186],[-3.8545578857288176,40.58819831233584],[-3.854783604042624,40.58804828643217],[-3.8548422651825685,40.588020508113345],[-3.8549685773508076,40.58799851893191],[-3.8554095549389684,40.58821497689174],[-3.8559948734726137,40.58813836547257],[-3.8561928993054404,40.588117707380725],[-3.8571358665952573,40.58801942112861],[-3.857718330422091,40.587957178473744],[-3.8580340071012458,40.587924081724644],[-3.8582597597889507,40.58791311291014],[-3.858500395914948,40.58790465006975],[-3.8588165828445407,40.58796774167784],[-3.859286180357166,40.58805755074054],[-3.8597536470250065,40.58815176370193],[-3.8599267718390027,40.58818540808189],[-3.86010556651733,40.58828001076906],[-3.860546974435461,40.58851007875117],[-3.8607884296885002,40.58863170724694],[-3.8610774707739237,40.58878088952822],[-3.8613052977121254,40.58889843037244],[-3.861911968002299,40.5890643689349],[-3.8623721067120673,40.58919066906328],[-3.86277054682383,40.58929760723255],[-3.863180862068954,40.589408956036664],[-3.8635343242452143,40.58950241910406],[-3.863602602831763,40.58954817562279],[-3.8639339490281324,40.58976732044426],[-3.8642521973421133,40.58997934902126],[-3.8645739958156775,40.59019224920502],[-3.8649020836956582,40.59041170297454],[-3.865020947131754,40.59059648440107],[-3.8651813177397436,40.59084482482325],[-3.8653754745535887,40.591146979516516],[-3.8654661278528155,40.59128540753652],[-3.8655407118367857,40.59136177231294],[-3.86567002529719,40.59149055490136],[-3.865799323673555,40.5916193203373],[-3.8658627436536093,40.5916818879485],[-3.865966944706334,40.59178776099027],[-3.8662550729303313,40.591844114777814],[-3.8665411816544286,40.59190007490053],[-3.8668888637031915,40.59196396562632],[-3.867300898135571,40.592135967694766],[-3.8673768677694653,40.5921631278588],[-3.867608023737112,40.592145076069706],[-3.86782660220748,40.592122281538444],[-3.868075072582739,40.59209770253425],[-3.8683678655620723,40.5920711763216],[-3.8686538589965385,40.592046244597874],[-3.8689229311080706,40.59200108787211],[-3.8692291930518827,40.59194463209028],[-3.8695062748042504,40.591885554719134],[-3.8697386262825613,40.5918332060952],[-3.8700664455136695,40.59175833140456],[-3.8707618697851824,40.59160435690869],[-3.8709587713597893,40.59156211059615],[-3.8711841316776003,40.59150821273658],[-3.8714773787612313,40.591444505256355],[-3.871698104052569,40.59139493131717],[-3.871838446948562,40.59136741347563],[-3.8724514341863507,40.591284925311314],[-3.87270177688038,40.59124984418105],[-3.8728411045753686,40.591233190098315],[-3.8729817198654266,40.59121486671035],[-3.8733178656649767,40.59119391181021],[-3.873582507307775,40.591176766919546],[-3.873899668909527,40.59115170809862],[-3.8740728387504313,40.591056995399235],[-3.87428664491867,40.59093798644755],[-3.874438306115779,40.590849542111336],[-3.874597299840945,40.59075358824178],[-3.8748448493144942,40.59061495850995],[-3.8750011079350584,40.59054941750877],[-3.8752884387493,40.59043461530567],[-3.8755815478095013,40.59031351473489],[-3.875705158620156,40.590261928828376],[-3.875902972329939,40.59017610823037],[-3.8761740007580574,40.58998039043221],[-3.876183333609498,40.589827174138925],[-3.8761931687014273,40.589653681712996],[-3.876164193035952,40.589522499447924],[-3.8761104427206687,40.589269254978866],[-3.8764283770343932,40.588993692342825],[-3.876683716547529,40.58877008426144],[-3.8768469100422993,40.58862535463224],[-3.87721655713772,40.58848974317176],[-3.877623871534033,40.588329264945344],[-3.877909071879175,40.58821427421327],[-3.8781311854386638,40.58812529852711],[-3.8783142822370174,40.58805228617086],[-3.878609595966339,40.58787720071546],[-3.878932552174118,40.58768765056789],[-3.8790545504037652,40.58761563436063],[-3.879185771389029,40.58754000829877],[-3.8792622397246563,40.58749620148811],[-3.8794557459445533,40.58738119951635],[-3.879691874696526,40.587241948157775],[-3.8798212143142212,40.58716714288289],[-3.8800105133557237,40.58705414673834],[-3.8800804964759736,40.587013292304675],[-3.8803422995620607,40.58685920391924],[-3.8806430869599726,40.5867066437909],[-3.88094716905479,40.58655555500054],[-3.8812127449922063,40.58642136405755],[-3.881421471505295,40.58631481086588],[-3.881599773136175,40.58622381965777],[-3.8818589068037492,40.586094154634],[-3.882091590081011,40.58597758700973],[-3.8824487401934884,40.5857975142259],[-3.882810545154275,40.585615366087275],[-3.8831722387027336,40.58543154474724],[-3.8834844947794256,40.58527041412147],[-3.8836868891562046,40.585277811548096],[-3.883690993336405,40.585188332548626],[-3.883695538314569,40.585103615789386],[-3.8837136521681908,40.58481539628288],[-3.883725921225639,40.58462266889707],[-3.883739748081925,40.5844001737726],[-3.8837522417124775,40.58419938184511],[-3.883769148856032,40.58391916225775],[-3.8837903635780604,40.58364842290942],[-3.8838049186110477,40.5834642182586],[-3.8838110495699287,40.583380615426385],[-3.8837317164195673,40.58320735402304],[-3.8836124963309864,40.58293200451689],[-3.883541036658121,40.582780519887606],[-3.8834873178129787,40.58265813283349],[-3.883433494426821,40.58253137731866],[-3.8834713846010462,40.58246735078413],[-3.883581645222,40.582283756381116],[-3.8836957904505445,40.582096402537154],[-3.8838197213044454,40.58189040671568],[-3.8839133671133212,40.58172746099067],[-3.8839884081794747,40.581598143008605],[-3.883989499081782,40.58159628156477],[-3.8840792861404707,40.58144310997074],[-3.8840965035757047,40.58141453763908],[-3.8841791878465295,40.58128147465653],[-3.884177069077983,40.58126602469081],[-3.884163326427051,40.58118608733625],[-3.884150001144397,40.58110015598003],[-3.8841345844247788,40.58100793542023],[-3.8839701274064526,40.58058935940348],[-3.8837763363420996,40.580318777747564],[-3.8837735953098007,40.58024589377401],[-3.8837683224251935,40.58010551414657],[-3.8837623097890965,40.579945284033435],[-3.8837538616057867,40.579720471845214],[-3.883746384879791,40.579521348718764],[-3.883741517958985,40.579391605277785],[-3.883731576563372,40.57909560218115],[-3.8838395026220933,40.57882495411231],[-3.8839333750379534,40.57857900911686],[-3.884118805314289,40.578092749028066],[-3.884260399570112,40.57771958650241],[-3.8843240316676764,40.57755204142208],[-3.8843263452084695,40.577545951823986],[-3.884355760731995,40.57746759387823],[-3.8844330744939723,40.57726454867001],[-3.884542723157627,40.576964366866534],[-3.8846211592703606,40.576771357662864],[-3.884743844298957,40.57644393249369],[-3.884877912064897,40.576096357529615],[-3.8850446932608897,40.57565731830084],[-3.885190904836043,40.57527031774762],[-3.885270301736216,40.57506425784665],[-3.8853244713164385,40.574954879314845],[-3.8854927112603974,40.57461902418011],[-3.885575372312689,40.574455636842956],[-3.885657054554794,40.57430746730103],[-3.885688586509134,40.57424916422259],[-3.8857508964648995,40.57412807656741],[-3.885858380812657,40.57405005736318],[-3.886039776843749,40.573918192572215],[-3.886180288600847,40.57381355926058],[-3.886437977443997,40.57362685069953],[-3.886647204091655,40.57347525755218],[-3.886843601594333,40.5733344739093],[-3.887079698423281,40.573168062408364],[-3.887227222623139,40.57306407845096],[-3.8874951780354117,40.5728752130561],[-3.887699737543873,40.57273090859123],[-3.8878709127881033,40.572608675028405],[-3.8880593408789594,40.57247411524654],[-3.8882217089624422,40.57235816580095],[-3.888409279129771,40.57222405257055],[-3.8884483653288395,40.572143159769865],[-3.888546400972443,40.57194131442169],[-3.888652175089164,40.57173265830367],[-3.8888833257502724,40.5710871800743],[-3.888963415902849,40.5708588389864],[-3.8888519377618684,40.57061126363842],[-3.8887570774197457,40.57040295194641],[-3.88865767453234,40.570184670903714],[-3.8884752317399056,40.56981547348615],[-3.888333812899053,40.56952928756325],[-3.8882375550041113,40.5693344929554],[-3.8881056814119006,40.56913446233235],[-3.88802531913321,40.56901056756774],[-3.887935822326699,40.56865121290961],[-3.8879150594049148,40.56849698241953],[-3.8878939052356745,40.568287222314325],[-3.887791162752159,40.56807456503546],[-3.887690085183257,40.56785348519648],[-3.887575941106246,40.5676022362638],[-3.887546523507129,40.56753749030005],[-3.88737003535894,40.56714425128279],[-3.8872935079241824,40.56696159396307],[-3.8872012308402235,40.56675284749253],[-3.8870832055741613,40.566455999408994],[-3.886915785727701,40.56624680179457],[-3.886801317441041,40.56611732757774],[-3.8867375125543315,40.56607685187901],[-3.886558800219373,40.56596557904227],[-3.8864386810173293,40.56589272097611],[-3.886150092437016,40.56570828099324],[-3.886099164556977,40.565677843704066],[-3.8860728992987963,40.565662145625666],[-3.885998039954849,40.56561193746752],[-3.8859337630458617,40.56556882807735],[-3.885871736398145,40.565519791653735],[-3.8857335593381968,40.56542284498665],[-3.8854101948177946,40.56517392566574],[-3.8852453820021218,40.56504270695969],[-3.885060388351573,40.56489907992614],[-3.884874190700959,40.56475187362689],[-3.8846689128879324,40.564589520782945],[-3.8844480153401677,40.56440745979038],[-3.8843203017732644,40.56430307474256],[-3.884228802195778,40.564223505346455],[-3.8841889794343083,40.56418887600918],[-3.8840718988977048,40.56407997248389],[-3.883913922678348,40.56392442092514],[-3.883819720365919,40.56383732163993],[-3.883835737027029,40.563684925019324],[-3.883848913492771,40.563575422788276],[-3.8838592783824666,40.563476236369915],[-3.8838829907439414,40.56327570833279],[-3.883902396581695,40.56314677969154],[-3.8840109823740856,40.562998217822354],[-3.8841078418273973,40.5628669207866],[-3.8841373974906572,40.56282685876926],[-3.8841744489640315,40.56277617840844],[-3.884277793713785,40.5626348075468],[-3.884334339936409,40.56255879753145],[-3.884449585030002,40.562404685317425],[-3.8845784992027803,40.56222655187164],[-3.8846825578936715,40.56208947144883],[-3.8848773935331775,40.561820787577986],[-3.884931823108516,40.56174497815611],[-3.8849654091714605,40.56132946849303],[-3.8849875684896484,40.56102863053152],[-3.8848161453724,40.56084263532424],[-3.8846389833895203,40.56073368706991],[-3.884540114456311,40.5606735278091],[-3.8844018389370865,40.56058820148892],[-3.884313817095521,40.56053429845367],[-3.884210914946376,40.560468125804285],[-3.884051220178887,40.560405144368055],[-3.883798225262992,40.56030582079979],[-3.883576264342701,40.56021868149402],[-3.8832295775486902,40.56008507420138],[-3.8829470596122277,40.55997575313026],[-3.882691768301436,40.55987410239545],[-3.8825390884333997,40.55981493631908],[-3.8823770807547766,40.55975215670314],[-3.8822495180789565,40.55970242064938],[-3.8820936646577433,40.55963673965737],[-3.881328515866787,40.55962182422966],[-3.8805996869598984,40.55960125585837],[-3.8801861370146606,40.55959178890936],[-3.8797253278058514,40.55958268487849],[-3.8793732137327637,40.559577250640565],[-3.878939065848564,40.55957432593228],[-3.878566809383475,40.55950603699578],[-3.8777880906871736,40.55936695063733],[-3.8775561991295686,40.55929016318236],[-3.8772880738265068,40.559199781431964],[-3.877138482487655,40.559154232114764],[-3.8766652957158265,40.559048989932194],[-3.8764590904836425,40.55900854849097],[-3.8761666637626333,40.55895222325171],[-3.8755377016664494,40.558818248676026],[-3.87542491183373,40.55879835534914],[-3.8753015168145715,40.55851125578917],[-3.87520549459592,40.55830473662323],[-3.875120003347734,40.55811882983101],[-3.874434110652078,40.55788471287461],[-3.8742855644930985,40.55783160618388],[-3.874033820863422,40.55774899083769],[-3.874000214115618,40.55773115548848],[-3.87396894896401,40.557684205896834],[-3.8738328393608636,40.55756946113605],[-3.8738135430728593,40.5575113410833],[-3.873743443550068,40.55730272101898],[-3.873707157180564,40.55718904444415],[-3.873662030123058,40.55704302746969],[-3.8736164454457147,40.55690004448392],[-3.8735575653723764,40.55673810846444],[-3.8734712491862786,40.55655210752552],[-3.8734237543309873,40.55645039635553],[-3.8733405257506353,40.556274163596306],[-3.8732878225564975,40.55616254785731],[-3.87321262999361,40.555995139599254],[-3.873207541568774,40.55596231226353],[-3.8731911625800657,40.555861107212415],[-3.873186001596802,40.55582923895657],[-3.873178243812458,40.55578131687866],[-3.8731766832589285,40.55576574890528],[-3.8731725325135455,40.555747090681436],[-3.873119077749084,40.55562520873315],[-3.8730812837147512,40.55553188242151],[-3.8730612367783936,40.555479980341275],[-3.872999370611415,40.55531982326815],[-3.8729629192069517,40.55523908733529],[-3.872959602912718,40.55522937841653],[-3.872961650298821,40.55521941545981],[-3.872966027921567,40.55519325874397],[-3.8730260119760103,40.55490284101635],[-3.8730765615294103,40.554692030296486],[-3.873016926979664,40.55438255124651],[-3.872945476682382,40.55406501840027],[-3.8728527187183834,40.55365223455262],[-3.872801035674556,40.55340884938984],[-3.872627905306866,40.55310424717584],[-3.8724163240330522,40.55272745674921],[-3.872231547083715,40.55241001244944],[-3.872160905514142,40.55227112954594],[-3.8718664125054096,40.55202227688305],[-3.871604865979597,40.55180348132125],[-3.8713422889682194,40.551594619699024],[-3.871170442581127,40.55146010654246],[-3.871157773469675,40.55145044556924],[-3.8710009962471594,40.55132154270136],[-3.8708424394691443,40.55119206745965],[-3.870764284994038,40.55112513575453],[-3.870662126603793,40.550949285880485],[-3.8706053411815984,40.55085153884435],[-3.8705265638588613,40.55071913585624],[-3.870455989116319,40.55060369670147],[-3.8703974378254316,40.550508348385634],[-3.8702720248225218,40.55031016850643],[-3.870152760157579,40.55012378601804],[-3.870034295897157,40.5499085827848],[-3.8699157640595745,40.54969412135167],[-3.869737008822117,40.5493864912147],[-3.869520088756059,40.548980073941735],[-3.8692812448052023,40.54857455720673],[-3.8691502349308973,40.548345224322674],[-3.8690726080262228,40.54820726040296],[-3.8692038060335023,40.54794607448731],[-3.869344694277364,40.54762608272505],[-3.8694446266985603,40.547414979188076],[-3.8692887140825083,40.54725513750279],[-3.8691512453901393,40.54711420142007],[-3.868953049284786,40.54691203067136],[-3.8687164058372603,40.54670557221211],[-3.8685612193126295,40.546577902541905],[-3.868355834962707,40.5464010904642],[-3.868112230409133,40.546195677629825],[-3.867932800609091,40.54604764922409],[-3.86781744574988,40.545948060576194],[-3.867668102285162,40.54581442701601],[-3.867502084306649,40.54567062231949],[-3.8673590114570673,40.54554401676806],[-3.8673232753430615,40.54550221400765],[-3.8672250115976605,40.54538503651235],[-3.8670642704122153,40.545182222728485],[-3.867059941215337,40.54517682922486],[-3.867017016417129,40.54512343285214],[-3.8669813722737847,40.54507911223572],[-3.8668961438295137,40.544973117435156],[-3.8668797314800227,40.54495188885078],[-3.866803430462011,40.54485316465241],[-3.8666787838514343,40.544691889292025],[-3.866440038666532,40.54438890271349],[-3.8663774296562172,40.544309446239275],[-3.8662326780975578,40.544127311738826],[-3.866118175224592,40.543983490799555],[-3.865905665997078,40.54370456525596],[-3.865797913567536,40.54356552210399],[-3.8657290334181784,40.543476642215396],[-3.865670360006991,40.54340289535203],[-3.865645058262621,40.54328588143712],[-3.865621692187237,40.54315199575784],[-3.8655877825779767,40.54296357775874],[-3.865560667728128,40.542812930456535],[-3.8655565214393914,40.54277457234742],[-3.865544486130289,40.54266332463251],[-3.865504354725984,40.54238691296034],[-3.865142849999149,40.54200120545628],[-3.8650148146969263,40.54183510323608],[-3.8649531193603504,40.54165184156314],[-3.8648708234960787,40.541423181987945],[-3.8648364273174036,40.54132762191051],[-3.8647668968976796,40.541121968847996],[-3.8647079963866804,40.540947762462054],[-3.8646457977923916,40.54076380167317],[-3.864610434822883,40.54065921472933],[-3.8645570196465426,40.540501220873345],[-3.8645102267186755,40.54036084458932],[-3.864462123742212,40.54022509959791],[-3.8644176829312955,40.54008357956995],[-3.8643834753857558,40.5399776929371],[-3.8643529662892453,40.53987997753051],[-3.8643237551696457,40.539790908958494],[-3.864305135087935,40.53973592521599],[-3.864267874831764,40.5396270515387],[-3.864213721320488,40.53957310023078],[-3.8641632673375903,40.53952070136922],[-3.864097859616075,40.53945647136005],[-3.864055619905016,40.539415943169686],[-3.863984103738726,40.539343885987314],[-3.863876181602936,40.53923856571926],[-3.8638660524463937,40.53912862959608],[-3.863851366794176,40.53871996328981],[-3.8638672642421095,40.53811906370639],[-3.863876686810734,40.53774849727555],[-3.86387602244135,40.53763252292537],[-3.8638674229110466,40.537546778382875],[-3.863847173330903,40.53747700706597],[-3.863659447642566,40.536842062888795],[-3.863534970557391,40.53643491160804],[-3.8634657361681692,40.53619190304879],[-3.863327249489441,40.53570584266306],[-3.863136705286016,40.535084549703384],[-3.8630832138273354,40.534907648781946],[-3.863024133434874,40.53471550883823],[-3.8630093982934617,40.53466504075701],[-3.8627381428602052,40.53448435082832],[-3.8624717382008287,40.534310381550135],[-3.8623277807444114,40.53421997072052],[-3.862155115338494,40.53410268264315],[-3.861955936598185,40.533910733408966],[-3.8617754317704396,40.533733391960695],[-3.861701567364533,40.53366824072402],[-3.8616188926023587,40.53358807619626],[-3.861422676617097,40.533401073182446],[-3.8613586324789217,40.53332997656212],[-3.8610937643272587,40.533154107050656],[-3.8609208374733566,40.533064531043344],[-3.86061081592083,40.53290886488224],[-3.8604145426433556,40.53262913465793],[-3.8599639849970573,40.53196525227897],[-3.8597645312679263,40.53164502832748],[-3.8596111551019234,40.531401691962444],[-3.8595364840206,40.5312805285023],[-3.859452053768956,40.53120096100833],[-3.8592168813379577,40.53097793027724],[-3.8591475707070364,40.530913258802016],[-3.8590489213250727,40.53082121953024],[-3.858873909684806,40.53065792776059],[-3.858692352415303,40.53049263125647],[-3.8585879723849845,40.53039302982943],[-3.85846726470429,40.530321522892336],[-3.8582458605020005,40.53019065702734],[-3.858121988813726,40.5301226254054],[-3.858181955969144,40.53002338123637],[-3.8583482661244606,40.52978036455179],[-3.8583226163401414,40.52963741671772],[-3.8583020852183947,40.5295095818784],[-3.858276343571572,40.52934303791526],[-3.8582503425320587,40.52921500856134],[-3.8582396971212862,40.529162581545904],[-3.858147369318484,40.52897808476348],[-3.858080813912165,40.528854174493105],[-3.8579865991894313,40.52868643807522],[-3.857911592767215,40.528540265701345],[-3.857842526301399,40.52839676353065],[-3.8578110494905817,40.52832262221934],[-3.857776046379775,40.52816293861321],[-3.857750521711936,40.52801104302068],[-3.8577288147866478,40.5278801249417],[-3.8574592835760546,40.52772138921284],[-3.857244926499064,40.52759802654415],[-3.8569651029358547,40.52742903649578],[-3.8567125905190967,40.527278647374104],[-3.8561317848945933,40.52692997233336],[-3.855052019235229,40.52563092192746],[-3.854767846792074,40.52551877549667],[-3.854653837130811,40.52539889700229],[-3.8544613011694566,40.5252061474741],[-3.8536964066795893,40.52441775267211],[-3.853752464934672,40.52427288375187],[-3.8537792494002763,40.52415023607157],[-3.8538230619576446,40.52409045407315],[-3.854094595679129,40.52335067928267],[-3.8542077148183806,40.523025082038544],[-3.8543050064344007,40.52274066843659],[-3.8543698432825013,40.522571748271055],[-3.854368411294982,40.52157187968688],[-3.8543813051911893,40.521379715183],[-3.85437825711338,40.52135982009759],[-3.85437038692737,40.5213423669259],[-3.8542599056432536,40.52114485437265],[-3.85421350795812,40.52106181975562],[-3.8539168582843955,40.520559329572365],[-3.8536712714219212,40.52013915250675],[-3.853331289032167,40.519512996778246],[-3.8517397338277277,40.51827700139434],[-3.8512882224148686,40.51764672548437],[-3.851536753243209,40.517166933044116],[-3.8515494628174203,40.51713388415103],[-3.851738804891284,40.51690926494252],[-3.8518791421309317,40.516731549072496],[-3.852224313525992,40.51547113922672],[-3.853350721880387,40.514535256097474],[-3.8540125034678954,40.51199723342396],[-3.8538921638443355,40.51180071372313],[-3.853685157271474,40.511447510019224],[-3.8535100047331805,40.511190312147264],[-3.8532599141326624,40.51088414663614],[-3.8529335006825653,40.51048434022499],[-3.852580716736917,40.50993559944744],[-3.8525429261804853,40.50978748450788],[-3.852233853904681,40.50959119312113],[-3.8497340210459012,40.508831337067164],[-3.849713221186093,40.508825397330185],[-3.849166247435683,40.5090312289768],[-3.8451012086031007,40.507973398867854],[-3.8422188833779907,40.507229002173496],[-3.84022430497082,40.5067100302202],[-3.839186108671851,40.50643798172729],[-3.8390693218680547,40.506406523114094],[-3.8385956862863044,40.50628293002131],[-3.837108425398136,40.50589190747142],[-3.837369917861094,40.5051837902717],[-3.8375500457577334,40.504674312987575],[-3.8376425375763183,40.50443702751496],[-3.8377338458780628,40.50424363721591],[-3.8378688624407107,40.5039696807862],[-3.8379805687241317,40.50380098342149],[-3.838260669176812,40.50338638200113],[-3.8384774738403786,40.50305758914356],[-3.8386410810671623,40.50281868321395],[-3.83914238868034,40.50056897241172],[-3.8392327555428873,40.50015372896386],[-3.8394020201317978,40.49938527728138],[-3.8392557322904595,40.499237971797314],[-3.8386205971352885,40.49858608643112],[-3.837704630595026,40.49764805230824],[-3.8374962303459865,40.497401817881226],[-3.8372007238301826,40.49704535093777],[-3.8368641890707216,40.49664578727885],[-3.836406222307968,40.496113578295336],[-3.835945069111502,40.49558675075992],[-3.835694613696924,40.4952903962804],[-3.835228776183306,40.49488221955516],[-3.8349641956316143,40.49464917992811],[-3.8347138835377668,40.49442717249754],[-3.83453282767169,40.49421117512769],[-3.8344282496315936,40.4940661882234],[-3.8343813245782936,40.49363517915608],[-3.8342683413082983,40.49265140701621],[-3.8341983396205417,40.49199351348137],[-3.8341912058792262,40.49193867565302],[-3.834024990004622,40.4915013859463],[-3.833905391836114,40.4911928740179],[-3.833838129466427,40.49101552667371],[-3.8337856323625745,40.490880105511366],[-3.8337308160935835,40.49071764556909],[-3.833638958063561,40.49045076955235],[-3.833579815755267,40.490271543662786],[-3.8335129595379405,40.490082720350806],[-3.833434201240219,40.4898397141964],[-3.833411841516722,40.48966923181728],[-3.833173586892324,40.4878393436594],[-3.833173454346421,40.487779108475955],[-3.8331969796410954,40.48755479138589],[-3.833238369206964,40.487128344538306],[-3.8332819210430973,40.48672851143784],[-3.8333369698416355,40.48616501733927],[-3.8333118622229296,40.48597638100581],[-3.8334270603389675,40.48578425549523],[-3.83361024287596,40.485485862497036],[-3.8337700531474286,40.485217355453194],[-3.833794618097324,40.48515926726087],[-3.833831364748591,40.48506423669089],[-3.8338801750932148,40.48494037438782],[-3.833940205907138,40.48478286035491],[-3.83400303772796,40.48461907570349],[-3.8342056116251815,40.48411311558227],[-3.834234064215259,40.484041174175964],[-3.834404523707036,40.483750253580276],[-3.8344218733456543,40.48372374937114],[-3.834574512236254,40.48346476848789],[-3.834765781121909,40.48312696792221],[-3.8350104769631854,40.482700113663896],[-3.835083057634062,40.482559047750556],[-3.835091517716057,40.48255062546346],[-3.8352941318117946,40.48244089683566],[-3.8354855953457334,40.48233712676694],[-3.835650268248396,40.482250613846695],[-3.83587180104565,40.48213428442865],[-3.8360132125254767,40.482058893143765],[-3.836190318386623,40.48179088545318],[-3.8362495652573387,40.48171260278176],[-3.836311921942576,40.48136604502014],[-3.8363257150929084,40.48132126107285],[-3.83633758264832,40.48128483329814],[-3.836340649004805,40.481209640858985],[-3.836347100732856,40.481195611459576],[-3.836464524720698,40.48107426853989],[-3.836541944008708,40.48099176504766],[-3.836667740591231,40.48086378482016],[-3.836667354573314,40.480855975097406],[-3.8365199497917075,40.480674980362004],[-3.836481779763825,40.48063014096277],[-3.8364658269913465,40.48059007673073],[-3.8364830249016753,40.48054986265619],[-3.8365560892712804,40.480087043920506],[-3.8366495282405277,40.4795837907093],[-3.8367479853234125,40.47908667215046],[-3.8367732615200834,40.478924337926316],[-3.836804613916701,40.47875026073824],[-3.8368520308663556,40.47851098960903],[-3.836919920408639,40.47818444870687],[-3.8369504339066873,40.47799474528506],[-3.8369947247658636,40.47774826165679],[-3.8370653221032143,40.4773776862179],[-3.83714170278282,40.47706180242534],[-3.8371711648598343,40.4769376967609],[-3.837197412758694,40.47681811251552],[-3.8372150745881783,40.476710696625325],[-3.837225337763057,40.47665082206793],[-3.8372465552229746,40.47653837236278],[-3.8372951298918463,40.476284085548464],[-3.8373070337345205,40.47622191533633],[-3.83731505588578,40.47617576405222],[-3.8373346702426887,40.47606249441459],[-3.8373494428117727,40.475986911673274],[-3.8373897748131336,40.47578928026805],[-3.8373982468588808,40.4757445004746],[-3.8367258292336763,40.47512327571926],[-3.836114962443139,40.474893998224466],[-3.8362327472133124,40.47471699308963],[-3.836594371872137,40.47416503893206],[-3.836870025002022,40.473741754278834],[-3.8373831519637505,40.47296178316041],[-3.8373433972101862,40.47294764971856],[-3.8375273980374494,40.472584518649946],[-3.838133760096298,40.470924644471104],[-3.8382569423568214,40.467767466583304],[-3.83691537393062,40.46697573974257],[-3.835636650058982,40.46583706325736],[-3.8343527271400393,40.46441732685491],[-3.830921622642422,40.465934010884375],[-3.8289747346385385,40.46631438356176],[-3.8271221219637037,40.4660065778221],[-3.8258804897127465,40.46539690352274],[-3.824777194367075,40.46484145343125],[-3.8236173655410934,40.464706572000054],[-3.822225711115889,40.46477044364461],[-3.8209829749834014,40.464519910308624],[-3.819869526658435,40.46442484160371],[-3.81880679168867,40.464521140886895],[-3.8174069264363366,40.464485840557984],[-3.815171607899374,40.46380095823609],[-3.812894045468533,40.46375844047104],[-3.8101158674081272,40.46429235586699],[-3.8073288588544565,40.463481682648165],[-3.804135509117786,40.46303088389958],[-3.802474328693231,40.46208171563804],[-3.8005569003880746,40.46036781743811],[-3.7989785844599395,40.459208195993696],[-3.7988925829366633,40.45914500709521],[-3.795818604776687,40.457912627046206],[-3.795296385889265,40.45700412911328],[-3.795601485323782,40.456413995479764],[-3.7948545025039384,40.45607678536792],[-3.7944127646717214,40.45562035835792],[-3.794098943467838,40.45500990409133],[-3.793804235034364,40.454780482005994],[-3.793060177482963,40.45392693590406],[-3.7929659287692847,40.453704690113334],[-3.7934197728113292,40.453308425857855],[-3.7929135526814446,40.452481363650044],[-3.7924191229422486,40.45166304703068],[-3.7919885990303674,40.450692038873974],[-3.7913881101191724,40.44943570764687],[-3.791173549746954,40.448063669663625],[-3.7909579641131703,40.447500428784586],[-3.790957608907107,40.44749950148975],[-3.790336043161537,40.447710391531544],[-3.790224200639453,40.44661453962001],[-3.790224106075826,40.44661361414455],[-3.7902194465601413,40.445810026170115],[-3.7887842129856413,40.445767126078856],[-3.790090274767062,40.44236173410009],[-3.7872810197313886,40.443335761842874],[-3.7846857767448743,40.44435664700597],[-3.7794837369096586,40.4442142749795],[-3.778659789529344,40.44385145095803],[-3.777523875553299,40.44368567402141],[-3.7758044537903745,40.443770649413],[-3.7708460636999632,40.44405630471671],[-3.770828855290495,40.444057268112836],[-3.7708292828547996,40.44393449720548],[-3.7708270965866824,40.4437255692363],[-3.7708256155508817,40.44332207322718],[-3.7708260493064927,40.442977396667594],[-3.770822911605954,40.442429896785285],[-3.770822766572483,40.44206210518383],[-3.770821057451763,40.44177560392732],[-3.7708203824052844,40.44108052307061],[-3.770819844066273,40.440282608167706],[-3.770810611368339,40.43824496231539],[-3.770797816881518,40.43487938078545],[-3.770782849775145,40.42942956264625],[-3.7707828439896476,40.42942730052465],[-3.7714920642400185,40.428990065659754],[-3.771796485914492,40.42880235821351],[-3.7717971684047766,40.42880193744132],[-3.771797852032672,40.42880151305792],[-3.771979637380559,40.42868776516828],[-3.7727261839070527,40.428229235638746],[-3.773007499210546,40.428056014562344],[-3.773024136462607,40.42804578440527],[-3.773593020307556,40.42769565683077],[-3.7743473509312553,40.42722793139446],[-3.775159358447911,40.42672596478455],[-3.775923438460358,40.4262562429515],[-3.776852759600956,40.42567918784721],[-3.777588766517107,40.425226951721115],[-3.777886596473172,40.425044460824395],[-3.778285289677788,40.42479203976715],[-3.778676437551192,40.42455881769544],[-3.7791185843697086,40.42427398486817],[-3.779554659679297,40.42344437069248],[-3.7795873960816917,40.4233752193307],[-3.7797639932446607,40.42303191310228],[-3.7798349644155502,40.42289311279423],[-3.7803556210642273,40.42190077623662],[-3.780386960146595,40.4217858169461],[-3.7810175652638476,40.41916476422171],[-3.781151108951455,40.41864677163964],[-3.781294130418644,40.417992084994374],[-3.7813943720238963,40.41756991445075],[-3.7813937362856858,40.41756009801945],[-3.7809463545464723,40.41576317234422],[-3.7805755251339406,40.41429177840918],[-3.7805657539209085,40.414253001984086],[-3.780076160879841,40.41335935731867],[-3.7798573698593687,40.41295087861773],[-3.7797443858551074,40.412740665542685],[-3.7796285089696435,40.41252145832651],[-3.7795551855264304,40.4123926354001],[-3.7794675801457656,40.41223237171863],[-3.7793942562525347,40.41195237004039],[-3.779344814136928,40.41166319829846],[-3.779233531827602,40.41101031559806],[-3.7791527484070273,40.41053398700578],[-3.7789806792683422,40.40978901515269],[-3.778611608562488,40.408224596644715],[-3.778370973188293,40.40762797394445],[-3.777988600171962,40.40694856371394],[-3.777724378663382,40.40647580846887],[-3.777664860701261,40.406369055347504],[-3.7770857645185485,40.40556370328935],[-3.776883101169151,40.40529007518337],[-3.7765629523408566,40.40454484518375],[-3.7763926032183583,40.404137670763454],[-3.7763504148840386,40.40403846723637],[-3.775818403657669,40.403494152599805],[-3.7751097576166597,40.402827939077945],[-3.7749600311756235,40.40268410435738],[-3.774791717814637,40.402527837187826],[-3.774342690408043,40.402108246402975],[-3.774403825864867,40.40159998283522],[-3.774454508416876,40.40119665086761],[-3.774540322385988,40.40055826999764],[-3.7745624713248094,40.400380770481405],[-3.7745596101836276,40.4003089046801],[-3.7745596784020115,40.40030889341228],[-3.775852969233808,40.400088512767404],[-3.7776502672803445,40.399136074789205],[-3.7781087015537556,40.39804460781702],[-3.7781135305930835,40.39765547457652],[-3.7796750554866483,40.39684531269564],[-3.780109070633089,40.39583724576269],[-3.7807147249622535,40.39533684946703],[-3.7814847287862716,40.394182813764445],[-3.786759153418032,40.39282685980228],[-3.789394430549585,40.392418807166635],[-3.7885870658388217,40.393972881829086],[-3.7937886741465316,40.39363404554682],[-3.7964658739523163,40.392264909165704],[-3.801047766228768,40.39214352802858],[-3.8042571444536177,40.392056745227464],[-3.8084140817739898,40.392414335389525],[-3.8108621351578402,40.39280467322746],[-3.814852082415338,40.39403302541741],[-3.818265070315413,40.39595532574986],[-3.819310156564384,40.39636585436851],[-3.820662595723779,40.3966176424687],[-3.8214854412441124,40.396620700324746],[-3.8219019174762408,40.3966461272361],[-3.8223186966915375,40.396623793606466],[-3.8225943750451887,40.39657693258297],[-3.8229372424732375,40.39652906029267],[-3.8231449974276392,40.39650486340094],[-3.8233167418368628,40.39650616946715],[-3.8239216728227885,40.396554870555384],[-3.82453935791606,40.39656561886912],[-3.8248397966178755,40.39657432381892],[-3.825306617181744,40.396569165722575],[-3.825767980945471,40.39650914276966],[-3.826265006275318,40.39645760641262],[-3.8269547305325493,40.39640506288945],[-3.8278173325723546,40.39638028766977],[-3.828326137712086,40.39640145649979],[-3.828718486647543,40.39641105687783],[-3.8289863916292397,40.39641181393184],[-3.8299508651354954,40.396355599517],[-3.831017043117907,40.396151559310475],[-3.832120071841103,40.39603043167547],[-3.832851901991067,40.396053845639756],[-3.83361479938247,40.39615685280075],[-3.833809428892094,40.39617346751324],[-3.8339785986492174,40.396134149188384],[-3.834161950262083,40.39605814173533],[-3.8334563502985146,40.39547321593226],[-3.833458012464883,40.39546830664197],[-3.8334383838044817,40.39541267141382],[-3.8334088728397764,40.39534042448702],[-3.833383617322535,40.39527548023208],[-3.8333622638573632,40.395223678150494],[-3.8333140604846783,40.39509467388297],[-3.8332835737505526,40.395022680799215],[-3.833249550232701,40.39493418702567],[-3.833224809888107,40.3948684732505],[-3.833192366478515,40.394787805027946],[-3.833158441246584,40.394698661864844],[-3.8331178900364713,40.39460297992802],[-3.8330789844391937,40.39450180051887],[-3.833019017035438,40.394360861915935],[-3.832971451195413,40.39424524031312],[-3.8329097236788607,40.39408563859989],[-3.832904989560525,40.394073420416],[-3.832817140401511,40.39387342651572],[-3.832815505112973,40.393869711256684],[-3.832815451818853,40.393869593622206],[-3.8327574010551047,40.393748899675025],[-3.8327035365442823,40.39365371075415],[-3.832654864631861,40.39359035387198],[-3.8325123225792312,40.39332734526836],[-3.8324079836899174,40.39314537700684],[-3.8323769370685428,40.39309302197636],[-3.832301717765814,40.39296877207989],[-3.832199095020679,40.39280829312768],[-3.832126872429268,40.39269933510067],[-3.832093753845471,40.39264689940409],[-3.8320108424262043,40.392527703773965],[-3.8319265448362367,40.39240863246907],[-3.8318401677187097,40.39229088597352],[-3.8317818578213965,40.39221255565124],[-3.8317810608792118,40.392211466786115],[-3.831682012807217,40.39207586981804],[-3.831655088568178,40.39204121381399],[-3.830913830219669,40.391034472053114],[-3.830909303710686,40.39103650909135],[-3.83090731284405,40.391033758523555],[-3.8309064025134467,40.39103417857995],[-3.830868140829758,40.39105186078178],[-3.8308508905618153,40.39102964952455],[-3.83082716408865,40.39099914422956],[-3.830777121739807,40.39093480266793],[-3.8306879420836166,40.39081917361193],[-3.830627194609278,40.39074150794182],[-3.8305401001476946,40.39062945839437],[-3.8303351946548867,40.39036489394614],[-3.8303171826349556,40.39034193221732],[-3.8302536715414552,40.3902609753649],[-3.83023907779325,40.3902422494545],[-3.8301931006371217,40.390183309990576],[-3.830192996359429,40.39018335758625],[-3.8301901128737263,40.39018467108597],[-3.830186180338427,40.39017520379176],[-3.830186872167226,40.3901701357441],[-3.830204979512207,40.390152799372984],[-3.8302324993787966,40.39012852962774],[-3.8302356266532156,40.39011732605396],[-3.8302349210461855,40.390108799559094],[-3.8302296787253995,40.390098405631264],[-3.830175213871055,40.390025659483804],[-3.830172596100436,40.3900212656501],[-3.830082719602813,40.389908960937504],[-3.830079232387364,40.38990390126862],[-3.8300792155840093,40.38990387616392],[-3.8299587889721596,40.38974509049183],[-3.8298528458243957,40.38960840262688],[-3.8298495317070658,40.38960467594744],[-3.829729803362469,40.38945306431967],[-3.8296149601198413,40.3893065166314],[-3.8296119854146196,40.38930145056793],[-3.829500801556132,40.389159171116695],[-3.829498877146509,40.38915491373491],[-3.8293733759341992,40.388986776406355],[-3.8293707554099807,40.38898224653668],[-3.8292002446589164,40.38875710459463],[-3.8290878358048404,40.38861028754956],[-3.828962527717937,40.388449085332454],[-3.828861802704716,40.388328778992104],[-3.823728850481938,40.382136973316534],[-3.823538330819496,40.381765932008506],[-3.823200747637505,40.381105167374514],[-3.822777554494001,40.38053453653132],[-3.822391549386795,40.380169220006046],[-3.822062189355763,40.379826713128],[-3.821913008403586,40.37968187814247],[-3.8216678851110557,40.379491297430675],[-3.8215052541980326,40.37937685584392],[-3.821304776299921,40.37922529613502],[-3.8210122779205347,40.378919402062714],[-3.8205826087839,40.3784549058805],[-3.820187494620659,40.377968861939976],[-3.8196514359400155,40.37734152293902],[-3.8194013096056776,40.3770595649997],[-3.819156655455819,40.37678271912013],[-3.818652108925921,40.37621618039457],[-3.818074526126051,40.37557583128957],[-3.8178778637271673,40.375343788425994],[-3.8177091871880826,40.375165401733014],[-3.8175443159104314,40.37500130419433],[-3.8172122787498055,40.37461977560449],[-3.81707145635866,40.374480706685766],[-3.8166477870212296,40.37400958987929],[-3.815368996985441,40.37249676597064],[-3.8149477504619753,40.37191243112076],[-3.814208411960523,40.37101378640887],[-3.813459841150369,40.370043247122375],[-3.813289471272691,40.36983273118548],[-3.813211594021217,40.369603349162325],[-3.8128111924204964,40.36873232939859],[-3.812200923235816,40.36733597528648],[-3.8120762921829408,40.36697944131816],[-3.811820975161621,40.36637550910178],[-3.811424941919834,40.365622929064365],[-3.810895159130702,40.36459607858567],[-3.8105152346562807,40.36371650721311],[-3.806930346554026,40.36645285186952],[-3.8042105974167675,40.364461392148876],[-3.804093110888027,40.36436906411128],[-3.803940553378402,40.364229990148026],[-3.803847675483901,40.36414277101083],[-3.803740570541497,40.364050016389264],[-3.8036293802951953,40.36395617833297],[-3.803552650572908,40.363886925280816],[-3.803461967027755,40.36380588703157],[-3.8033960198030488,40.36374394911838],[-3.8033248359683487,40.36368535207597],[-3.803249625759172,40.36362429824729],[-3.80316340012751,40.36355451808707],[-3.8030945751864302,40.363498354089586],[-3.803012213781085,40.3634364857911],[-3.802900154257519,40.36335358648729],[-3.802857845878856,40.36333157550029],[-3.802678985915604,40.36328654725186],[-3.8025365207721613,40.36325547801439],[-3.8020538758180904,40.36315795238458],[-3.801842087594612,40.36310822232416],[-3.8015404688463406,40.36304756394977],[-3.801364066643873,40.363003076992094],[-3.801121951837037,40.36295112329082],[-3.800823635161384,40.36289002394719],[-3.800486642188027,40.36281015172623],[-3.800204045714772,40.3627419455065],[-3.7998815420770913,40.362674361466254],[-3.7996124825906996,40.36262329546437],[-3.7992616524069778,40.36256125063536],[-3.7990024239437057,40.36252460279104],[-3.7987491230168424,40.362503591951736],[-3.798510628766235,40.36247129443471],[-3.7981848803340466,40.36241672998004],[-3.7978422332189052,40.36236128658345],[-3.7975126643352555,40.3623115412278],[-3.7973145891128044,40.362274347145956],[-3.797135080419425,40.362246385202205],[-3.7969680326008337,40.362217742508946],[-3.7968688834127997,40.36219994987353],[-3.7967267501784647,40.36216994415519],[-3.796500612020113,40.36212169234436],[-3.7962356377258164,40.362080102134975],[-3.7960231124964037,40.362026743002765],[-3.7958261468076238,40.36197089080047],[-3.7956071110590637,40.36189373403],[-3.7954132235410354,40.36183547884086],[-3.795212999286458,40.36176772896657],[-3.795081521701948,40.361716191885996],[-3.7947248857700133,40.36159707531889],[-3.7942491233385867,40.36141680134979],[-3.7940021636454224,40.36134937122307],[-3.79375124938333,40.36126826306915],[-3.793571108311518,40.361184012875476],[-3.793414424487213,40.361108813276594],[-3.793220085916125,40.361011221060004],[-3.7930069251733296,40.36090303855191],[-3.7927858238863656,40.36078179643563],[-3.7926447356698003,40.36070767537325],[-3.792519262519952,40.360637027348744],[-3.7924126611649793,40.36058055002612],[-3.792309235097388,40.36053000766725],[-3.792143122556112,40.360447719500904],[-3.791984871219645,40.360371334076675],[-3.7918406803937112,40.36029842877778],[-3.7916129138530046,40.360195915805505],[-3.7913861626658423,40.36010252345348],[-3.7911327465993496,40.35999815348971],[-3.79081749622823,40.359862850528216],[-3.7903138747162646,40.35965890185646],[-3.78992459019769,40.35949985073773],[-3.7894837663258114,40.35932074992765],[-3.788906537755872,40.359093948641316],[-3.7884186987212667,40.3589106779099],[-3.788044690337977,40.35876901646167],[-3.7879086598878975,40.35872703472433],[-3.7878414207866116,40.35870604121101],[-3.787764551286956,40.35869592778444],[-3.787506497581918,40.35875661918289],[-3.787391706414649,40.35879486422722],[-3.787219618476213,40.35886105172108],[-3.78708055919058,40.35891819697433],[-3.7868742831870503,40.35901767372348],[-3.7866776715102697,40.35910638065121],[-3.7860176639373995,40.35940270190855],[-3.785592903339232,40.35958614932944],[-3.7851425381892243,40.35977871145481],[-3.784868097241955,40.359892605171204],[-3.7847097568376453,40.35995327215298],[-3.7844592219012987,40.36009470478162],[-3.7840776897428814,40.36028047415999],[-3.783817921009676,40.36040713000799],[-3.783393003585625,40.36060667778599],[-3.782932432910397,40.36083238185733],[-3.7824933626840544,40.36105203315711],[-3.7819966385804307,40.361278801540806],[-3.781855240327294,40.36134766545642],[-3.7817019556963625,40.361416081608446],[-3.7816303649734007,40.36145369198874],[-3.781551338838486,40.36148933633557],[-3.7814514232765974,40.36152937047274],[-3.7813528837895105,40.36155599238613],[-3.7812381297251147,40.36157572007346],[-3.7811244915032396,40.36158233727292],[-3.7810152869888767,40.361601163283574],[-3.7809342773795507,40.36162509886179],[-3.780768599879985,40.361682967621185],[-3.7803181336593084,40.361864874597025],[-3.7767474555928024,40.36127446918051],[-3.7734311560888605,40.36054449863994],[-3.7723536371683393,40.35976600643335],[-3.771623706690148,40.359824628942214],[-3.7713986891937576,40.35984269868148],[-3.7711486683323856,40.359862778868965],[-3.7662475519232,40.35876575756036],[-3.7615188799771735,40.357940554323655],[-3.7577072116641053,40.357260780211746],[-3.7544156551906585,40.3579872425545],[-3.750365028686743,40.358959346071245],[-3.7466753289377244,40.35977834575031],[-3.743384095456741,40.36047034774381],[-3.738556296414489,40.36154729874182],[-3.734126554604318,40.362550622318125],[-3.73055701894082,40.36334483243449],[-3.7271148054300896,40.364542196273106],[-3.7234599556548305,40.36537213508772],[-3.7208913356149367,40.36554791559459],[-3.7209842819162033,40.364790070397234],[-3.7211639398917247,40.363324262229966],[-3.721777871296926,40.35893117616179],[-3.722409542195382,40.35433075837963],[-3.7235027899770303,40.34554359066814],[-3.7239936086931316,40.34188729889627],[-3.72441926363723,40.338748532997485],[-3.7249263399438193,40.33498616749311],[-3.7236656179816086,40.333552765190056],[-3.720168798401076,40.33080684899543],[-3.714445430526364,40.32805863884171],[-3.7129078574657552,40.32562851108155],[-3.7125427941612728,40.323494494254],[-3.7100777479333122,40.323401073488824],[-3.7080411631101544,40.32301425380102],[-3.7031248766201847,40.32212121212092],[-3.6996253913073476,40.322346823479116],[-3.696161552291122,40.322217511860224],[-3.693019209097883,40.32010928180378],[-3.6927981530291163,40.32023432738293],[-3.69257272365947,40.32039704994716],[-3.6924542487190264,40.320491188149276],[-3.692382663808225,40.320550894430845],[-3.692344817971938,40.32057221957896],[-3.6922940981398424,40.320586083768895],[-3.692122018150056,40.32060469762234],[-3.692009485953967,40.32063852469915],[-3.691775457151885,40.32072833258749],[-3.6911938877475965,40.321015185092556],[-3.691029989790914,40.321072309585524],[-3.690733026179174,40.32115914889199],[-3.690237494461073,40.32128729758586],[-3.6877280730613724,40.32196582316978],[-3.687584485466875,40.32198928080512],[-3.6875642855334907,40.321992582017316],[-3.6873042392375046,40.32202273157562],[-3.6869894219038817,40.322057018528874],[-3.686781566113091,40.3220744612014],[-3.686578574082234,40.322080432056126],[-3.6863769165500138,40.32209497949706],[-3.686215134190041,40.32211119279033],[-3.6860596140177346,40.3221302327406],[-3.6859091133517023,40.32215305901336],[-3.6855173287033973,40.322213539381835],[-3.6852923593482143,40.322263501279835],[-3.6851371084197444,40.32230923353754],[-3.684989469812961,40.32236922530827],[-3.6847675318588293,40.322472560320705],[-3.6845743385370437,40.322585257428514],[-3.6843922326161294,40.3226854982725],[-3.6843008138169617,40.32276136407032],[-3.6841946118687905,40.322853761714384],[-3.6840907425066747,40.32293017847283],[-3.683895047423983,40.32307292498612],[-3.683649149557893,40.32324028819117],[-3.683521962341477,40.32332113151914],[-3.6833638891267855,40.323396436333454],[-3.683261556562319,40.32343994439727],[-3.6831460957711135,40.323478527998205],[-3.683010040088946,40.32351365643825],[-3.6827947231345246,40.32356427001683],[-3.682596232447921,40.32361549833502],[-3.6824872264809723,40.3236461763624],[-3.6823782634988382,40.32368043158383],[-3.682263863686446,40.32373259390805],[-3.6821570371147967,40.32379400354014],[-3.682057757563954,40.323862525476834],[-3.6818490640744868,40.32401392912129],[-3.681689620615929,40.324139296596],[-3.6815347401311476,40.32425319439128],[-3.681418769141767,40.324334687351694],[-3.681245113931772,40.32444011229612],[-3.681179099419464,40.324482870379946],[-3.681117425290306,40.32452802363903],[-3.681055009328571,40.324571519036866],[-3.680991373692813,40.32463713914609],[-3.6809585618621052,40.32467880161441],[-3.680933668300709,40.32471765254133],[-3.680917356660384,40.32474816178754],[-3.6808949676784652,40.32482072747361],[-3.6808717687472883,40.32491097665751],[-3.680836038845972,40.32501720711834],[-3.680818482708351,40.32507546387351],[-3.680785452326125,40.3251746062132],[-3.6807433970703625,40.32527727109241],[-3.6807167088311705,40.32533037425924],[-3.68066995544547,40.3254174439196],[-3.6806231159699463,40.3254958373155],[-3.680588483206593,40.325548116007006],[-3.6805436949864387,40.32560480046826],[-3.68050338124406,40.325656245871805],[-3.6804406032564776,40.32572865445411],[-3.6803709770488804,40.32579676085185],[-3.680311434913785,40.325852661711444],[-3.6802349354636097,40.325913868670476],[-3.680128005514263,40.3259943521829],[-3.6800153317400564,40.32606705298928],[-3.6799025956125053,40.32613368095747],[-3.6798292968697233,40.326174905371275],[-3.6797446270056935,40.326212721715216],[-3.679576463398912,40.326293564529],[-3.6794172154317972,40.326358727392815],[-3.6792567083048118,40.326411744935925],[-3.6792035852917273,40.32642941667489],[-3.6791470170586438,40.326442767989604],[-3.6790937635187038,40.32644742126521],[-3.6790200377603703,40.32644611709241],[-3.6789348644157758,40.32643446904376],[-3.6786794356045687,40.326407322340074],[-3.678502430648655,40.32639794519079],[-3.678365214382343,40.32639874996425],[-3.6782054275813594,40.32641010243279],[-3.678111186387901,40.326398506941786],[-3.67799991069849,40.326384403058135],[-3.677819506980248,40.32637591146831],[-3.6776857069779383,40.32637756210131],[-3.6775076665385207,40.3263777383358],[-3.6773647926099753,40.32637944174314],[-3.6772365797156685,40.32637325177579],[-3.677185501207515,40.32636834349946],[-3.6770957421693073,40.326351509124514],[-3.6769912354533605,40.32633389430775],[-3.6768900898873182,40.32631278578447],[-3.6768343127385963,40.32629141532687],[-3.676726103885367,40.32624430962645],[-3.6766031301506557,40.32619468653126],[-3.676421046196449,40.32613065822433],[-3.6763004647011437,40.32609317331374],[-3.6761015043707523,40.32604312272788],[-3.675911757962626,40.326006912835474],[-3.675801572368262,40.32598845893463],[-3.67573233788313,40.32598278940112],[-3.6756540440763277,40.32597803942572],[-3.675537261794673,40.3259804593596],[-3.675284419450438,40.325985405107815],[-3.675076924800221,40.32598921988151],[-3.6748637194069054,40.32598872697199],[-3.674719741012814,40.32599304171479],[-3.674508901165005,40.326002082294224],[-3.67441380097973,40.32600506296463],[-3.6742809639104697,40.325988674849675],[-3.674082528621395,40.325952648640104],[-3.6737923995268056,40.32590428299502],[-3.673535813615538,40.325845705797406],[-3.673275424767598,40.32578142932665],[-3.6729887239677166,40.32570157980618],[-3.6726813862393795,40.3256132602189],[-3.6723572365101407,40.32552504293721],[-3.672113640352616,40.32545780851845],[-3.671811866241992,40.3253651695131],[-3.6715664362668536,40.32530080320477],[-3.671306057256793,40.32523652673284],[-3.6709948982210383,40.32513964626943],[-3.670758757657551,40.325069503518115],[-3.6704944993153616,40.324990942909196],[-3.6703521721172785,40.324959587854146],[-3.6702483519149927,40.32494874777751],[-3.67014088426655,40.324946512698475],[-3.6700736593590406,40.324951191407344],[-3.669936506016307,40.32497057988668],[-3.6697872703887437,40.32499647162858],[-3.669615711098843,40.32503250342227],[-3.6695181884189614,40.325051212429656],[-3.6693725221748625,40.32510041679077],[-3.6691842172694002,40.325165206694656],[-3.669017196103279,40.32524022115887],[-3.668860792536392,40.325318623609604],[-3.668751374789458,40.325376951111785],[-3.668510421852848,40.325516255711634],[-3.668374876064999,40.32559603338873],[-3.6683048071324373,40.32563837241965],[-3.6681488446861743,40.325754764028204],[-3.6680369373280466,40.32584283377006],[-3.6679452697877193,40.32589886065518],[-3.667859749284099,40.3259436904876],[-3.667728571839401,40.326000942624695],[-3.6675035794285504,40.326114512825825],[-3.667371860696368,40.32619264378406],[-3.6673150371222225,40.32623144356298],[-3.667276053062541,40.32626262403774],[-3.6672392703076335,40.32629644681084],[-3.667140124851906,40.326427241139264],[-3.667066230294104,40.3265282179922],[-3.6670174272364124,40.32659296919863],[-3.666922278666318,40.32674100640565],[-3.6668678365106526,40.3268640885428],[-3.6668501357706664,40.32692578463204],[-3.6668217094318796,40.326984060494766],[-3.666790625335254,40.32703470737093],[-3.6667638319525375,40.327086321418285],[-3.6667404906283525,40.32711982690619],[-3.66672630570215,40.3271400000651],[-3.666664598410602,40.32718671701882],[-3.6664646515891848,40.327320691708756],[-3.666218463724331,40.32749659268627],[-3.6660365526343988,40.32762064093577],[-3.6657738954338828,40.32776898658221],[-3.6656003888168134,40.32786151846768],[-3.6654865231271794,40.32793749855135],[-3.66533425817347,40.328036582738676],[-3.6652230007796107,40.328124944206145],[-3.665104475637666,40.32823432165126],[-3.664951577001621,40.32839538409876],[-3.665046666207078,40.3284575774413],[-3.664133716439934,40.32886792182775],[-3.6641332832440083,40.32886816215755],[-3.6638337342172234,40.32903443266606],[-3.6637665887336888,40.3289972118245],[-3.6637273990121604,40.32898393372538],[-3.6636857694639837,40.32897935176805],[-3.6636467297302575,40.328981503721586],[-3.6636177884154373,40.32898552659544],[-3.663585048582424,40.328987647791045],[-3.6635459816433635,40.32898690251115],[-3.663514491867214,40.32898805253265],[-3.663485502104981,40.32898724942822],[-3.6634451568419517,40.328984588885376],[-3.663413619810706,40.328980912927356],[-3.663379592105985,40.328980144095524],[-3.663337961404845,40.32897556201955],[-3.663273163157981,40.32895826476779],[-3.663183377137572,40.32889057098767],[-3.6630404216903223,40.328810190663035],[-3.662905915782501,40.328726512122266],[-3.6627583645604975,40.328610428232956],[-3.6627197948218444,40.32857167455305],[-3.662655884550532,40.3285460572833],[-3.6625582480242658,40.3285433660523],[-3.6625007206629094,40.32851934009701],[-3.6624558088847943,40.32848386776137],[-3.6623345937337226,40.32845695141996],[-3.6622834333693097,40.32843288349357],[-3.6622021517758765,40.32836676821094],[-3.661902626611359,40.328231004963364],[-3.6617345754826576,40.328117549716794],[-3.661591554367185,40.32801539274166],[-3.6614950995820785,40.32794219241887],[-3.66138604587125,40.32789261768379],[-3.6612709877132548,40.3278475087924],[-3.6611611157860575,40.32782334534503],[-3.6610632774766345,40.327816751220354],[-3.6609690876118606,40.32780537570814],[-3.6608469518488747,40.327800352696315],[-3.6606878622230585,40.32779403609258],[-3.6605372156472313,40.32779489643034],[-3.6603505753015417,40.32780408023887],[-3.6601575985500574,40.327816550425375],[-3.65991200185265,40.32786188061806],[-3.6575136392238936,40.328925759618315],[-3.655043227528325,40.33002135608031],[-3.650312397226301,40.33238156677325],[-3.650276440963884,40.332411595636934],[-3.650207207714718,40.33236347124799],[-3.650169780560371,40.33233506123469],[-3.650137876362113,40.33231799426807],[-3.6501061967171937,40.33230445222704],[-3.6500745393463334,40.33229310739327],[-3.6500184450227944,40.33227586372064],[-3.649978639964727,40.332309780864634],[-3.6499491282150465,40.33233630127276],[-3.6498857484384066,40.33240708761584],[-3.6498237544206695,40.33246023155269],[-3.64977389395602,40.33249508080799],[-3.649718215277515,40.3325211850698],[-3.6496717544458788,40.33253625893562],[-3.6496396093117003,40.33254906134845],[-3.649606833263055,40.332570098991184],[-3.649576930563467,40.33259221510515],[-3.649544227476685,40.33262148041226],[-3.649513016024275,40.33265677349057],[-3.6494861527080844,40.33269643142257],[-3.649456449197897,40.332739948614666],[-3.6494190024041537,40.332797774421465],[-3.6493807198365396,40.332871701624335],[-3.64933435662815,40.332943664225894],[-3.6492914005465416,40.33302511507929],[-3.6492533699517407,40.33313629291427],[-3.64923355483114,40.3331988387058],[-3.6492209865095457,40.33323457662227],[-3.649209126350376,40.33326866278218],[-3.64921163700364,40.3333059638452],[-3.649222407630077,40.33334122030993],[-3.64918599649393,40.3333781839547],[-3.6490900752037336,40.33332284457512],[-3.6487548969702503,40.33313228959826],[-3.6485895480828514,40.333040251947715],[-3.648343276720565,40.33288860160032],[-3.6480763685749573,40.33272848239144],[-3.6479672942264445,40.332657584820105],[-3.647722758219948,40.332491618623536],[-3.6475007792248966,40.33233983042751],[-3.6472452766030314,40.33219966565253],[-3.6469370679267192,40.33201975465247],[-3.646732253902107,40.331903620130035],[-3.6464861807143167,40.33177198940092],[-3.646206373460756,40.33163053198799],[-3.645776414925765,40.331421262217646],[-3.6453199054383227,40.33117066154371],[-3.6450961668509994,40.3310288886071],[-3.6447411271808066,40.33083635962257],[-3.644479963558069,40.33068907233736],[-3.644301370442101,40.330578509109564],[-3.644192064586728,40.33048186365314],[-3.6441334905601885,40.33041497044769],[-3.644038808485145,40.33028391837995],[-3.6438404057535365,40.330054757779024],[-3.6434587226080253,40.32961351391668],[-3.6431999426147157,40.32932319035876],[-3.6430680069051604,40.32920521784592],[-3.6429194466151116,40.32910735781561],[-3.6427295568770446,40.32898684838851],[-3.642504083692339,40.328857947830386],[-3.6424008212886085,40.328807033791335],[-3.642320144383716,40.328773156767234],[-3.64217403472266,40.32873678524322],[-3.6420241766533783,40.32869899737201],[-3.6419079297751953,40.328658170481226],[-3.6418440816950928,40.32862562589005],[-3.6417256259892854,40.32854905446888],[-3.6415674950320214,40.32842693085584],[-3.6414243950237166,40.32831330763928],[-3.641351181416154,40.328277961492304],[-3.6412125196124303,40.32823868432956],[-3.6409874441623895,40.328151256929345],[-3.6407941907843284,40.32806937725482],[-3.6406760570228185,40.328027122603075],[-3.6405185510952376,40.32797078645055],[-3.6403703092679676,40.32790582023829],[-3.640214267669876,40.32780656655119],[-3.639977250230258,40.327641973710186],[-3.6396837738603405,40.327434783593965],[-3.639354824454552,40.327230651916246],[-3.6391630893707423,40.32711157382664],[-3.638882796539632,40.32691432342977],[-3.638718956794279,40.32678079111916],[-3.6385681345294536,40.326640028901615],[-3.6384834319966544,40.326574709469774],[-3.6381241549183616,40.32632497489385],[-3.6378212106390104,40.32610353190314],[-3.6375643398624304,40.325928792840486],[-3.637252432728265,40.3257141915767],[-3.6369445633541493,40.32551506215526],[-3.6366766117255893,40.32533775952821],[-3.636337444827989,40.32512152017204],[-3.63622697655847,40.3250482289093],[-3.636168925250218,40.32500206789394],[-3.6359988661639027,40.3248411796886],[-3.636083816496463,40.324773251670756],[-3.636108081485928,40.32475234481582],[-3.6351607328082176,40.32402682187858],[-3.634495512994001,40.32355862347296],[-3.6341382049058653,40.323294250784286],[-3.6338267799095174,40.32306568313116],[-3.6337324301364955,40.322980512580166],[-3.6336072790564518,40.32286272165051],[-3.6334904330211697,40.322764620673254],[-3.633399238396368,40.322693153590244],[-3.633302874745187,40.32261404879735],[-3.633208803679877,40.32254206576578],[-3.6331299623126023,40.322477594966294],[-3.6330511650762327,40.32241531220742],[-3.6329614851180816,40.322347125746234],[-3.632903926683356,40.3223054847891],[-3.6328363394118566,40.322265059954645],[-3.6327443479668293,40.32222547218946],[-3.6326682950030187,40.32219230543394],[-3.6325941655925105,40.32214755668021],[-3.632548072277672,40.32210468164824],[-3.632493259028588,40.32205697038299],[-3.632437153867857,40.3220158617969],[-3.632361583076178,40.32197112978152],[-3.632279290882419,40.32191384768706],[-3.6322063706670615,40.321858100835776],[-3.6321125219419383,40.321797097910746],[-3.6320122109941635,40.321736176162155],[-3.6319460217433197,40.32169408546833],[-3.631694882927373,40.321549608841735],[-3.6316031449855712,40.32149663108881],[-3.6314507355012906,40.32141004676489],[-3.6312230290334595,40.32127771894425],[-3.6310572171559667,40.3211737653946],[-3.6309542698983686,40.32111165707267],[-3.6308490028419995,40.321054094744305],[-3.630746425192805,40.320987142669196],[-3.6306597181175553,40.32092441578876],[-3.6305767184276045,40.320866577752845],[-3.6305104819044254,40.32082174858566],[-3.630429799233971,40.32077268179587],[-3.630366007508136,40.32074265036636],[-3.630289222581771,40.32070894186427],[-3.630210981011577,40.32067414122167],[-3.6300835806305076,40.320622328624765],[-3.629936780017758,40.320570185487],[-3.629808663268098,40.32051837648647],[-3.6296891706952765,40.32046757447668],[-3.629275756489403,40.320296007558774],[-3.629230001819895,40.320279102904074],[-3.6291633767934486,40.32025439264483],[-3.629118891874986,40.32024087841436],[-3.6290359745155283,40.32020981329578],[-3.6289823064604443,40.3201960345261],[-3.6289411837100483,40.320178518972575],[-3.6288419327908343,40.32014006847344],[-3.6287937866018827,40.320116562981795],[-3.628745100002748,40.32009570100776],[-3.628698664496534,40.320073762790706],[-3.6286550493116576,40.32005399936792],[-3.628489956735941,40.31998002896541],[-3.6283995817752532,40.31994533895655],[-3.6282495286918803,40.319888539154974],[-3.628168162266048,40.319859376742926],[-3.6280683822173168,40.319827108770426],[-3.627399922531627,40.31959318116861],[-3.627082463461298,40.31951084651735],[-3.6267503657216027,40.31944150951949],[-3.6266361088269443,40.319414226960966],[-3.626466127759849,40.31936985829037],[-3.6263563953153763,40.319339244570315],[-3.6262538212303954,40.31930758296096],[-3.6261523755927416,40.319273203378266],[-3.6259924567428117,40.3192170423375],[-3.625981874275351,40.31923627932286],[-3.624692487063813,40.320426772914026],[-3.6235340585576594,40.319849756340616],[-3.6200081002981377,40.31911757179195],[-3.617449823846702,40.3181916564716],[-3.6159650404289456,40.317761886926036],[-3.613877318981562,40.315589310021885],[-3.611150854895553,40.314312876962624],[-3.608120493630228,40.3136647419713],[-3.6063849326564674,40.31346968513801],[-3.6021304955321467,40.31266733746745],[-3.6001981463883626,40.31233293711332],[-3.5992387136073467,40.31216879762324],[-3.5982586332150115,40.31206475844437],[-3.595338242746124,40.312349706603996],[-3.594324622118012,40.3123797740199],[-3.593328288652081,40.3124219063622],[-3.5894012974328473,40.31269662746389],[-3.5874354127661623,40.3127905684459],[-3.585579638584929,40.31307050451594],[-3.584501791873409,40.31320180451307],[-3.583471616436787,40.31330690203855],[-3.582527860227926,40.31352597797757],[-3.58164632786136,40.313590856522396],[-3.5806560252127473,40.313790510181136],[-3.57969157532172,40.31387614996953],[-3.5787604750478397,40.31385683835312],[-3.57796823849202,40.313891331438064],[-3.5761262333043673,40.31488574449221],[-3.5777957984609357,40.3146482407763],[-3.579282310975582,40.31586805547977],[-3.5804843554954804,40.31596808401101],[-3.5818857077708017,40.31588150929715],[-3.5824088563297565,40.31614140843164],[-3.583817072083632,40.315813058053834],[-3.585073851768291,40.31835524699775],[-3.585070800670558,40.320416386168574],[-3.584362973581652,40.32256396283548],[-3.5832439509758807,40.32480910346028],[-3.582487144363509,40.32625582145907],[-3.5795196228392476,40.3279499118175],[-3.5767630117531306,40.33025136115288],[-3.57528140878984,40.33186208323928],[-3.5727376794019494,40.333660206206105],[-3.5718824531301516,40.334615168480745],[-3.569946247992167,40.33763142188941],[-3.5699457695254746,40.337632344987526],[-3.568245960150692,40.340903891001545],[-3.5662197670425564,40.34330861880877],[-3.565359992845586,40.34437905090728],[-3.5621565708746226,40.34709439783928],[-3.5607411551625745,40.349176695505435],[-3.558913705726732,40.350270039613534],[-3.557690303122062,40.352666783468635],[-3.556635559494031,40.353098702391854],[-3.554728460309945,40.35430831051756],[-3.5534824703809225,40.35578859614559],[-3.5532926318589904,40.35601411500127],[-3.5529068983690575,40.357681122292945],[-3.5528551872391256,40.36003240358219],[-3.5528009930161146,40.36128039683081],[-3.552913602469493,40.36148989832309],[-3.553121435246622,40.361326741277956],[-3.5533359426977356,40.36115814551929],[-3.553879284747509,40.3607185188174],[-3.554329213024324,40.36036348207033],[-3.555255692498398,40.35964504379303],[-3.5553316278081066,40.35957863386412],[-3.5554190313296083,40.35951005706083],[-3.5555024880088024,40.35943184401784],[-3.5555781192332825,40.35953532946151],[-3.555631660830423,40.359644597658196],[-3.5556861441464456,40.35974647468284],[-3.555718062315884,40.35983883650914],[-3.555727834563396,40.35991308549117],[-3.5557527266433144,40.360014339783994],[-3.555757828480279,40.360090494120435],[-3.5557681542516133,40.36017348113396],[-3.5557650877563387,40.36023016445845],[-3.5557818131029175,40.36031958389553],[-3.5557783675100065,40.36043766293767],[-3.5557857616019644,40.36053207234572],[-3.5557711149723894,40.360629965207295],[-3.5558076767096187,40.36077515247353],[-3.555846708439658,40.36096767644812],[-3.555863607280193,40.361032010795554],[-3.5559140049555142,40.361181296456664],[-3.555915335162857,40.361207170704816],[-3.5559247871688764,40.361282526616414],[-3.5559380894546893,40.3613391303512],[-3.556005303490929,40.361421067264054],[-3.55605784629024,40.36155198725742],[-3.556067533574335,40.3616384647414],[-3.5560802637803812,40.36185819301954],[-3.5560830821950256,40.361969999467384],[-3.556073631714923,40.362089795674564],[-3.5560482770811292,40.362194568078124],[-3.556046933927952,40.362246106977764],[-3.5560400984894547,40.36230289760038],[-3.555969074258015,40.36242834936514],[-3.5558537092724416,40.362716650399136],[-3.555763024743294,40.36286844923322],[-3.5556900179125184,40.36297089102089],[-3.555644464849731,40.36311768903233],[-3.5556036569728207,40.36335473517474],[-3.5555962176383846,40.363452790644494],[-3.5555985615573853,40.36355179012186],[-3.555612033833536,40.36368731334983],[-3.5556163395017886,40.36373978006558],[-3.5556179077965817,40.363761665705276],[-3.555624237242624,40.36380083417781],[-3.5554532347179686,40.363908338528724],[-3.5554949921994012,40.363970233643414],[-3.55552113790803,40.3640089880138],[-3.5556028429209627,40.36413004988637],[-3.555534140572431,40.3641571821843],[-3.55550893978494,40.36416324027311],[-3.5554418183614445,40.364179373740924],[-3.5552796284302115,40.364323246947755],[-3.555152151472349,40.36443633475323],[-3.5550634182348313,40.36450212484992],[-3.5549823808917975,40.36456221658872],[-3.5548553996690453,40.36465500854184],[-3.55472770275491,40.36474832361634],[-3.5545850263731995,40.36485602143871],[-3.5543820130840755,40.36500926766599],[-3.5543199160187386,40.365060313936645],[-3.554225235048366,40.36510949737295],[-3.5539014555303123,40.36528479026313],[-3.5536758208210677,40.36540694575222],[-3.553533717605057,40.36555081582372],[-3.553394861169452,40.36569139264863],[-3.5532252412713765,40.3657928374165],[-3.553070044576002,40.36588565966109],[-3.5529894753657465,40.36594421800083],[-3.552898936108231,40.36601002136921],[-3.5528404514194136,40.366100672770244],[-3.5525696514454657,40.36643245726846],[-3.552473176306044,40.366550653516434],[-3.552424897269951,40.36660980946626],[-3.552382375857348,40.36671086473437],[-3.5523497331867957,40.36678845078532],[-3.5523210841782555,40.36686816553759],[-3.5522870972644958,40.36696275557434],[-3.552265439234629,40.36709002962318],[-3.552246352856495,40.367202213652895],[-3.552233056578198,40.36731640610012],[-3.552219748389624,40.36743073193611],[-3.5522089998209574,40.36749312845508],[-3.5521925610133107,40.36758856801337],[-3.552041748435011,40.367810858393966],[-3.5519112558342725,40.368003195243766],[-3.551797098268031,40.3681536614112],[-3.551770254246508,40.36831374712272],[-3.5514591020990314,40.370169397114694],[-3.551259075581452,40.37016408127746],[-3.5512444527305105,40.37036120015974],[-3.5512188579737898,40.37041942130652],[-3.5511904551964166,40.37048401899776],[-3.551159244494452,40.370696700053074],[-3.551129769147688,40.370897585242936],[-3.5511381095424093,40.37102333763626],[-3.5511459922854334,40.37114221371697],[-3.5511570942298056,40.371222045890384],[-3.5511686665132585,40.37130524344225],[-3.551161942510675,40.37139655805091],[-3.551155851996982,40.37147931634689],[-3.5511394923595083,40.3715542594899],[-3.5511232622741105,40.37162862632732],[-3.551119337636754,40.371668699732496],[-3.551115849870115,40.37170427458625],[-3.551115001321791,40.37173328270257],[-3.5511137575796874,40.371775810037605],[-3.551123191375402,40.37179560143736],[-3.5511252789841654,40.37179998074886],[-3.551133974693101,40.37181838284974],[-3.5511436957334452,40.37183901973926],[-3.5511514579347474,40.37188525196192],[-3.5511577566031485,40.371922739666125],[-3.5511696515868514,40.37205781848777],[-3.5511813302624495,40.372190341537994],[-3.551188996248708,40.37231612594279],[-3.5511967638236492,40.37244367655515],[-3.5511994713575605,40.372628804455545],[-3.551202186061087,40.37281452061348],[-3.551213964151182,40.37295285767619],[-3.551225791479103,40.373091737751494],[-3.551224100292493,40.3733135340262],[-3.5512223522351567,40.373543096452394],[-3.5511660459674443,40.37377870818594],[-3.5511118716082613,40.374005378952106],[-3.551010154098026,40.374262955982374],[-3.550909626798448,40.374517501970566],[-3.550784613562357,40.37484873324905],[-3.5506587943847365,40.375182113291835],[-3.5505697579603903,40.375360674223806],[-3.5504766968819794,40.37554731652761],[-3.5503616445436523,40.37568935370926],[-3.5502511880300887,40.37582571836849],[-3.5501769434349812,40.375913247733266],[-3.55009496164725,40.376009907687994],[-3.5499537867667126,40.37609614712706],[-3.5498258125089808,40.376174318103274],[-3.549667028431077,40.37625535884824],[-3.549513919530058,40.37633349578694],[-3.5493744107128906,40.37639297843974],[-3.549230182443341,40.376454474359974],[-3.549093009704589,40.37654624607558],[-3.5489682396053155,40.376629723490744],[-3.548898127399751,40.376698252839276],[-3.548834059692544,40.37676086688152],[-3.5488023906785866,40.37679518616804],[-3.5487635015436347,40.37683733442169],[-3.548732487226016,40.37690008885628],[-3.5486934666387184,40.37697904908488],[-3.5486815806921723,40.37711107146497],[-3.548671033558416,40.37722821428863],[-3.5486848424824817,40.37732467096724],[-3.5486971081722376,40.37741037263836],[-3.5487387883537007,40.37752402165109],[-3.5487776027734763,40.37762985709943],[-3.5488453152815143,40.37776500898644],[-3.548913905880274,40.37790192605839],[-3.548929327332963,40.377956205033314],[-3.548943216134531,40.3780051056137],[-3.548976031913457,40.378134363507755],[-3.549009393356581,40.378265811624814],[-3.5490602049627675,40.378398545368114],[-3.5491112093598858,40.3785317844842],[-3.549141490552025,40.3786627787038],[-3.5491702214476244,40.37878708467845],[-3.5492089847831503,40.37921301327634],[-3.549247553074592,40.37963676524568],[-3.5492727751953286,40.37981808057518],[-3.549298064076787,40.379999910899116],[-3.5493075598179553,40.38013675790806],[-3.5493175538471817,40.38028084769787],[-3.5492963493440457,40.38041132691857],[-3.5492768715136096,40.380531180658004],[-3.549223470733923,40.38067029038385],[-3.5491723055149262,40.38080357136233],[-3.549124107321411,40.38091635144014],[-3.549074506704493,40.381032425590284],[-3.5490273417395883,40.38111884087353],[-3.548976304067454,40.381212338588256],[-3.548907070917711,40.38129700179711],[-3.5488423787965426,40.381376109997646],[-3.548763261308909,40.38146398404009],[-3.5486801201752067,40.38155632583179],[-3.5485748224635545,40.38164619515555],[-3.5484751018562917,40.381731308132544],[-3.548334873845391,40.3818343376853],[-3.5481920443981103,40.38193928393111],[-3.548110964388474,40.382021987470466],[-3.5480367230602363,40.38209771610019],[-3.5478830658939704,40.38229863898516],[-3.5477328037069373,40.38249512569688],[-3.547536146194426,40.3827837899694],[-3.5473388443314136,40.383073397500006],[-3.5471203639864997,40.383338091014316],[-3.5469017617910095,40.38360293243303],[-3.546772255094396,40.38379566199135],[-3.546641498544475,40.38399024868543],[-3.5464760192255893,40.384164125151266],[-3.5463116979425346,40.38433678507787],[-3.546224429542249,40.38445269535206],[-3.5461321591155333,40.384575250896866],[-3.54604015308812,40.38474824366522],[-3.545949153948006,40.384919344188575],[-3.5458831200931415,40.38502180150309],[-3.545816869537079,40.385124585031065],[-3.5457804367817123,40.38519542194189],[-3.545740301409554,40.38527346019881],[-3.54571425437746,40.385365667291126],[-3.545689892249495,40.385451914990895],[-3.5456624780935373,40.38556612702518],[-3.5456343435661504,40.3856833524017],[-3.5455773829708535,40.38581942754654],[-3.545522593032875,40.385950332889486],[-3.545338774225341,40.38633096552555],[-3.545151473499749,40.38671881616397],[-3.5451052884437955,40.38677604277684],[-3.545045740684102,40.38684982086994],[-3.544985798001975,40.386881634451086],[-3.5449239746972028,40.38691444786784],[-3.5447976377831947,40.38698149540407],[-3.544690778200257,40.38716172378202],[-3.5445939507551376,40.38732503701282],[-3.544446250530486,40.38760111284557],[-3.5442993732119437,40.38787564584571],[-3.5442002999311963,40.38806933277593],[-3.5441016123109983,40.3882622592324],[-3.5440076775822944,40.388451740670945],[-3.543912459934869,40.38864379566445],[-3.543807394990547,40.388917389869256],[-3.543703261772204,40.38918856694154],[-3.5436092785677245,40.38943605804101],[-3.5435150214077975,40.38968429089283],[-3.543396586382005,40.38996684764079],[-3.5432775088374475,40.39025094513234],[-3.5432245493323613,40.390423096199946],[-3.5431725470585045,40.39059211567419],[-3.5431207611946602,40.39077959831024],[-3.543068770047945,40.39096781612548],[-3.5430266720193537,40.391091440665264],[-3.542985302346627,40.39121290768507],[-3.54294378947813,40.39132375179844],[-3.5429016606127606,40.39143625556541],[-3.5428528399502484,40.39162032679386],[-3.5428049099899805,40.391801046925096],[-3.5427534183918192,40.39202996905534],[-3.542701379316634,40.39226133429567],[-3.5426847418176424,40.39236551281611],[-3.54266747909682,40.39247356909103],[-3.5426613788111037,40.39257377918406],[-3.5426549011989645,40.39268026860364],[-3.5426820425144223,40.392947497797905],[-3.5426980434184934,40.393104955339744],[-3.542462406263021,40.3931208909213],[-3.539889162557638,40.392252795559486],[-3.537341117816174,40.39131407240791],[-3.5328608106175987,40.39169005567298],[-3.532084603562101,40.391423975904296],[-3.5291510596989215,40.389384924655275],[-3.5268906477842745,40.389794675999866],[-3.524342470653353,40.390842182656876],[-3.522589472789909,40.39186515631538],[-3.520406788341893,40.3921021759749],[-3.5203173946723054,40.393777471762405],[-3.51961849175948,40.397735917669586],[-3.519597862206627,40.39785274156336],[-3.5194974307939946,40.3978426359278],[-3.519495124451555,40.39786743759072],[-3.5194928822689175,40.39790043366237],[-3.5194857076358255,40.39794051144117],[-3.519474809990851,40.39798251497791],[-3.519460270140698,40.39803787918637],[-3.51944444463942,40.39808848784734],[-3.519423700646909,40.3981476934818],[-3.5193992033781085,40.39820596550903],[-3.5193759551069275,40.398264231920464],[-3.5193342520810105,40.39835499783357],[-3.519303660426199,40.39843141365166],[-3.5192631989165934,40.398521219895294],[-3.519223926856006,40.39860435042958],[-3.519184655836568,40.398687475539354],[-3.5191245805592595,40.39882218656606],[-3.5190546486209,40.398972195146236],[-3.5190203115444394,40.39904862409139],[-3.518923436329999,40.39926263628942],[-3.518821569234739,40.39947762576434],[-3.5187650897864695,40.39959324454513],[-3.5187123637828086,40.399710759995514],[-3.518669572102257,40.3998225100683],[-3.518648797648559,40.39987790212479],[-3.5186133420691346,40.39997054876573],[-3.518559541972658,40.400110946712665],[-3.5185073126028397,40.400293292150785],[-3.518469726545085,40.40043362274604],[-3.5184248170855774,40.4005940062222],[-3.518382369528335,40.400751520947736],[-3.5183400592559093,40.40092619200127],[-3.5182830172381516,40.4011314429466],[-3.5182333991957067,40.401329034366796],[-3.518203573948073,40.40147837702401],[-3.518179949609578,40.40161851069092],[-3.518157781186738,40.40174889086288],[-3.5181499218002483,40.40184413532057],[-3.518131477004725,40.401959128344124],[-3.5181257130904577,40.40204779666265],[-3.5181264178807004,40.40213972161808],[-3.518129412881033,40.40224969237848],[-3.5181369706785732,40.40239575933196],[-3.5181399346562974,40.40250244820567],[-3.518142829004655,40.40259928592241],[-3.5181523187866377,40.40271743487271],[-3.5181574483649367,40.4028257554961],[-3.5181732937240953,40.40293238753646],[-3.5181826510531726,40.40303248100461],[-3.518202707265934,40.40312760123948],[-3.5182532772101345,40.40328168179099],[-3.518300733243145,40.40340879217762],[-3.518360416642956,40.403525372830856],[-3.518427927793936,40.40365517976862],[-3.5184995678797146,40.40375663448882],[-3.5186061540823763,40.4039350873701],[-3.5187016823370962,40.40407090638098],[-3.518780000551095,40.40420352050654],[-3.5188454560223654,40.40433783825913],[-3.518902202671549,40.404457415606664],[-3.518941560524013,40.40454916794697],[-3.518987633727547,40.40467700495529],[-3.519029465591998,40.40481142411832],[-3.5190627263913936,40.404947526803454],[-3.5191248745063746,40.405211539966146],[-3.5191540648291317,40.40537720446505],[-3.5191724942716487,40.40553963705257],[-3.519210779288356,40.40577092718981],[-3.519233802536957,40.4059727359626],[-3.5192609803664796,40.40615647000985],[-3.519279812786648,40.40637142745494],[-3.5192852413879834,40.406519143444676],[-3.5192882890105515,40.40663568059122],[-3.519299933395363,40.40675382508964],[-3.5193008922137374,40.4068785789096],[-3.5193017879610133,40.40699512571307],[-3.519296328012449,40.40712319037381],[-3.519292969538549,40.40724468245882],[-3.5192882906024754,40.40747452399198],[-3.5192584412714965,40.40778162803945],[-3.5192364683601647,40.407996773180734],[-3.519207867890169,40.40818732528413],[-3.5191896699827714,40.40833350226128],[-3.519171439751489,40.40847640276554],[-3.519153071859355,40.40860124422944],[-3.5191474968617436,40.40871453893742],[-3.519156554950536,40.40877523224672],[-3.519167745397361,40.40883427992663],[-3.5191810188906256,40.40888511095703],[-3.519202909066584,40.408939184408965],[-3.519224709770774,40.40898176444237],[-3.519270516128159,40.409073487635894],[-3.5193204117248014,40.409138923696766],[-3.519389824627084,40.40922889935093],[-3.5194397272168914,40.409295981290036],[-3.519517844335472,40.409400687285185],[-3.519706612370008,40.40965264161714],[-3.5198303485281337,40.409824449344654],[-3.5199093925511296,40.409925696806305],[-3.519913011113768,40.40993033193492],[-3.519778698494825,40.40998255616623],[-3.5202124191966644,40.410541611395885],[-3.5203039297839807,40.41069263542752],[-3.5203753690097557,40.410835366748785],[-3.5205850716735445,40.41141846565982],[-3.520642288345519,40.41155731574659],[-3.520701979840915,40.41168233830026],[-3.5207569478373753,40.4117812376868],[-3.520786637575041,40.411831897266545],[-3.520827286839958,40.411892278740275],[-3.52089804207383,40.41198787447486],[-3.5211068911780985,40.41228507781078],[-3.5214928895981807,40.4128182517966],[-3.5216925905888288,40.41310690510932],[-3.521860143809286,40.413326645731956],[-3.52196513531686,40.41346047311443],[-3.5221098241737905,40.41364783878319],[-3.52224523095875,40.413819372162074],[-3.5223831292300667,40.41393455123233],[-3.5224387452570065,40.413993390602904],[-3.522490270914864,40.41403829424173],[-3.5225644936579945,40.41409061787157],[-3.5226376997568036,40.41413918745389],[-3.5228355173162798,40.41426467989454],[-3.523181188690222,40.41448278502398],[-3.52360750987589,40.414755437933906],[-3.523863679959056,40.41490677447785],[-3.524019380354306,40.41500559147206],[-3.5242142236487775,40.415128085968824],[-3.52437454262687,40.41524020058276],[-3.524442816423369,40.41528728595801],[-3.5244963407693968,40.41533594362207],[-3.524542004792139,40.41538538647825],[-3.5245767460587936,40.41542359768716],[-3.5246254654964884,40.41548656731382],[-3.524688184192069,40.415578060143886],[-3.5248269587264214,40.415830954275236],[-3.5248998833022416,40.41596979659086],[-3.5249378501037367,40.41604184650913],[-3.5249807634701384,40.416118383905165],[-3.525022555967373,40.41617687215348],[-3.525061339925748,40.41622785506049],[-3.5251377108745134,40.41630273593135],[-3.5251842688869015,40.4163416428349],[-3.5252554536605794,40.41638194236142],[-3.52529894579057,40.41640581706232],[-3.5253542890485163,40.4164349064145],[-3.5253938082596163,40.41645428647763],[-3.5254471832429086,40.41648338472914],[-3.5255176706766194,40.41651703675056],[-3.525644044670605,40.416578364647535],[-3.5258306400086497,40.41668997845698],[-3.526053342038694,40.416795847455255],[-3.526353524451065,40.41694299522724],[-3.5265540492711582,40.41706076882408],[-3.5270200241268403,40.417306547958695],[-3.52761315089241,40.417647443173216],[-3.5280404015223654,40.41792361134794],[-3.528707624212398,40.41837185529899],[-3.529290911414224,40.41877671258618],[-3.529896148789075,40.4191906906937],[-3.530416104605017,40.41955253479992],[-3.531190344335448,40.42008422888782],[-3.5302264444629308,40.41471470032861],[-3.530407598186406,40.41470746756611],[-3.5305076609300494,40.414691693927594],[-3.530732381625555,40.41464021258812],[-3.5309204809508747,40.41457809257348],[-3.5311331172272173,40.41448792774557],[-3.5313387249277963,40.414404100290966],[-3.5314974071841805,40.41434841638187],[-3.5315761831252983,40.41432372967634],[-3.531654959050902,40.41429904832266],[-3.5318643354429735,40.414244932611695],[-3.5320384454514695,40.41420764743329],[-3.5323480730679915,40.414157122678816],[-3.5325506170895005,40.41413277259721],[-3.5328026982270306,40.41411359484604],[-3.5329982993935003,40.414106387846395],[-3.5332776448800414,40.41410690788092],[-3.53340855626112,40.4141171158158],[-3.5337081599971643,40.41414546503232],[-3.5339913120922026,40.41418020032437],[-3.5342934149061507,40.414226555567765],[-3.5345837890376246,40.41428017512796],[-3.534842349256761,40.414334837533005],[-3.535167179131789,40.414414522602044],[-3.5356295268788682,40.413150937394185],[-3.535630414168431,40.41315076030907],[-3.5357815603110203,40.41312057504159],[-3.5359319999708094,40.413066725059664],[-3.536016409582978,40.41300957737641],[-3.536124046519913,40.41290907737633],[-3.5361589978758223,40.41285756346621],[-3.5362099404639515,40.41274110990281],[-3.536224561313004,40.412652752966416],[-3.5362129329379037,40.41251777767875],[-3.5363191554516704,40.41254240416509],[-3.5364714075619914,40.41256873052204],[-3.5366518742426702,40.41258591212546],[-3.536804012000932,40.41259781951829],[-3.5368806069368497,40.41259566296197],[-3.5371939889706687,40.41257889821338],[-3.5372811183077575,40.4125676833522],[-3.53742108443861,40.41253099738091],[-3.5375726701820813,40.41247353539734],[-3.537778034076047,40.41235996850814],[-3.537850467758646,40.41227945063689],[-3.537876080908766,40.41223969146791],[-3.5378955656004814,40.41217023078986],[-3.53786729374232,40.41187576398992],[-3.5378739491579383,40.41182348027376],[-3.5379039464437296,40.411742258859746],[-3.5379821298618332,40.41164369595743],[-3.5382904235632395,40.41142706079562],[-3.538504863430239,40.41142324961082],[-3.538700685980865,40.4114448619528],[-3.539012517272608,40.41152990229237],[-3.5390856818660295,40.41154127391268],[-3.539357284485627,40.41160667636257],[-3.5395142282763525,40.41163026959903],[-3.5396248842082034,40.41161354223777],[-3.5396659613683767,40.411591728687696],[-3.539682189013611,40.411557418380205],[-3.5397125006828234,40.411515835051674],[-3.5397345047762236,40.411467083219016],[-3.5397612386706423,40.41142011112091],[-3.5397692222986104,40.411386740195375],[-3.5397368161226215,40.411165267709336],[-3.5397315908249603,40.41110132211149],[-3.5397275662907735,40.41089232985663],[-3.5397304895600907,40.410667988795645],[-3.539768012143177,40.41049225425552],[-3.5399220476765607,40.41054733470635],[-3.5400028863375375,40.410575513322144],[-3.540013877356483,40.41057942599208],[-3.5401523748890527,40.41061138748571],[-3.540194055056387,40.41062101267752],[-3.5402641701614983,40.410630361746556],[-3.540267598812148,40.410630818703225],[-3.5402755817333786,40.41063188771843],[-3.540429661123664,40.410652431813105],[-3.540482470563735,40.410653626420896],[-3.540555437052754,40.410655352],[-3.5406095377310414,40.41065663060395],[-3.5407894611203345,40.410665787503014],[-3.540933432853624,40.410675113226134],[-3.540960219144815,40.410679131188616],[-3.5409982149351773,40.41068489941642],[-3.5410937942607448,40.410699311765384],[-3.5412737920462405,40.410718467659464],[-3.5413191533697996,40.41073149776793],[-3.5413821162997725,40.41074958152942],[-3.5414278267817676,40.410762790142165],[-3.5414863523822593,40.41078602440495],[-3.5415432230288695,40.410808640257095],[-3.5416574380242496,40.41085413993071],[-3.541959012827972,40.410940196964134],[-3.5420683708690373,40.41096860261421],[-3.5422066690465073,40.4110044346857],[-3.542285084464191,40.41102478695287],[-3.5424704384099948,40.41104959158981],[-3.5426954603965153,40.41111294345283],[-3.5431792794063397,40.411247960248694],[-3.543288475823092,40.411259806783384],[-3.5432895150772388,40.41125991901835],[-3.543330977173581,40.41126445306156],[-3.543451482868684,40.411301269059244],[-3.5434829096986444,40.41131085026341],[-3.5436570292648835,40.41133156161752],[-3.5436876834841975,40.411332858932106],[-3.54376655739152,40.411336270937085],[-3.5438367075043344,40.411339274367684],[-3.5439995264019544,40.41134706075707],[-3.544017445176687,40.41134769717588],[-3.5441420560488677,40.411351974808476],[-3.544218561627069,40.411354586832275],[-3.5443637838488096,40.41135723566288],[-3.544393250645156,40.41135772846323],[-3.544401328757456,40.411357867006366],[-3.5444868016961952,40.411374871902616],[-3.5444869032268667,40.41137489304633],[-3.544544343061837,40.41138737040599],[-3.5445625314209996,40.41139205956327],[-3.544586507080935,40.41139825210456],[-3.5448281407572257,40.411460530563566],[-3.544855775717397,40.411462590451166],[-3.5448558427647754,40.41146257391885],[-3.5449498340949086,40.41143885596108],[-3.545111744906074,40.41147296603412],[-3.5492836233460467,40.41232401392037],[-3.549458517335764,40.41224754348015],[-3.5496570236881047,40.41216371721562],[-3.5497921284913647,40.41210992211318],[-3.549962552476322,40.41205145881819],[-3.5500977741820345,40.412012077350425],[-3.550217753823485,40.41198267826092],[-3.5504025413068456,40.41195116873695],[-3.5505909072039032,40.41192504733295],[-3.5507922666547103,40.41190247276741],[-3.551095012101799,40.411882112876526],[-3.5514167115687236,40.41187427903419],[-3.5516948026448794,40.41186664788015],[-3.5518703518853845,40.41185860373184],[-3.5520411194126247,40.411842479370016],[-3.552298976903894,40.41181061791733],[-3.552364925208593,40.41180399741464],[-3.5527749651673024,40.411789432263326],[-3.5529552050329913,40.41177866131514],[-3.5530576372225635,40.411765559564806],[-3.553402662511537,40.411688027797595],[-3.5535371517200693,40.41174255118712],[-3.553703787539664,40.41179761057246],[-3.553859713108528,40.41184010919445],[-3.5542020377025603,40.411904241534835],[-3.5544250832162834,40.411939210377845],[-3.5549323804719015,40.41199894752841],[-3.5552675094999855,40.412047791284614],[-3.555694856776384,40.41213133265094],[-3.556297206629298,40.412283400563176],[-3.5566020216105056,40.41237202719103],[-3.5569365915558406,40.412495648744596],[-3.5571968291023626,40.412609713966155],[-3.5578012417124625,40.412868072230616],[-3.558274001483796,40.41302615947734],[-3.55886793480554,40.413156633674014],[-3.5594554339451516,40.413221368700036],[-3.5601748469728514,40.41327465259473],[-3.5608247079049957,40.4133264657782],[-3.561190342553909,40.41335712708651],[-3.5615122860079502,40.41337809394073],[-3.561802264774841,40.41338119163879],[-3.5621498751983056,40.413370499290814],[-3.5624385944486794,40.41336459242924],[-3.562607178413444,40.41336917857983],[-3.5628147536233903,40.413385291909506],[-3.563416378907366,40.413447235304155],[-3.5639378381163667,40.41350685937173],[-3.5640852604775497,40.41351785744485],[-3.5643092765752207,40.41352667610296],[-3.5645839283803493,40.41352984162782],[-3.564787605238621,40.41352533153262],[-3.565036177430308,40.41348709869325],[-3.565378788013807,40.413442182037755],[-3.5656908139082786,40.41340462668634],[-3.5661770848464363,40.41334369465561],[-3.566594972679108,40.413280388479514],[-3.5671246350951207,40.4131931134679],[-3.567565926327842,40.41310986899661],[-3.567961175583922,40.413028746335485],[-3.5684766335753464,40.41292432665203],[-3.568540155865454,40.412909600674865],[-3.5686271739793396,40.412885749124435],[-3.5687153018508955,40.41285288386417],[-3.5687599211668504,40.412832844391694],[-3.5688080534487825,40.41281008489367],[-3.5688608621049935,40.41278279872526],[-3.56898873691936,40.412711898627414],[-3.569041537836697,40.41268371150566],[-3.569084963184411,40.41266187596644],[-3.569281050923522,40.41257352792187],[-3.569521726581818,40.412461532693705],[-3.569639198016018,40.41241500765412],[-3.5703970537210905,40.41213470142138],[-3.5706838499522027,40.41204139531878],[-3.570777945199945,40.41201840812672],[-3.5708921141568615,40.411999831693045],[-3.5710039944069103,40.41198937012373],[-3.5712525744640407,40.41197643221531],[-3.5719323788397617,40.41194515143314],[-3.572242190646009,40.41192560753691],[-3.572310494101416,40.41191896310308],[-3.572617757585147,40.41187690269138],[-3.572900491688139,40.41176803269787],[-3.576269148745479,40.413114515305004],[-3.5762864180853606,40.4131214175776],[-3.5776403514389967,40.41366255497455],[-3.5781870631443007,40.41484101295862],[-3.57805573852636,40.41499004917397],[-3.5795317541156564,40.417338164917346],[-3.5791432144613218,40.417861476984164],[-3.578791692608218,40.418308302737984],[-3.5783098656496857,40.41925143961891],[-3.577648746608355,40.42024681660539],[-3.5773109511003525,40.420986167579635],[-3.577171412475831,40.42121028924145],[-3.5769698075591294,40.42162120735286],[-3.576841016524906,40.42198202364198],[-3.5767164859072946,40.422602659005044],[-3.5766101826596954,40.42299238191676],[-3.576447111337551,40.42349950475095],[-3.576363845909934,40.42368820940176],[-3.5762783608603246,40.42389314137283],[-3.5761473180069387,40.42414694927902],[-3.57579846056026,40.42470995121233],[-3.5752541060796688,40.42557400791108],[-3.5774830033206535,40.42601309706076],[-3.5767699722976256,40.42804479554629],[-3.576525707851137,40.42870908075561],[-3.57649678990494,40.428821269738165],[-3.5763280391002805,40.429680786162],[-3.576329969405666,40.42968124771297],[-3.5769748628831795,40.42983529586759],[-3.5771093515240793,40.43023772498187],[-3.577264986356537,40.430516230545905],[-3.577858924261979,40.43131417836918],[-3.5791368358767084,40.433156250687],[-3.5791236836329903,40.43362410440001],[-3.5751091715206518,40.434101649885434],[-3.575180398682747,40.43464735937815],[-3.5752566569408457,40.43501905464911],[-3.5753547170470084,40.4353194707472],[-3.575438260449111,40.43557671466422],[-3.575536107149295,40.43585190990449],[-3.5759457265041914,40.43674278554641],[-3.573802108023643,40.437672090537845],[-3.568541779669964,40.436237908044475],[-3.5680815135541386,40.4364685861475],[-3.5676237674031492,40.43671706273528],[-3.5671700189599833,40.437020184806336],[-3.5667381980313726,40.437242553989904],[-3.5663222051443,40.437434243884184],[-3.565793090768177,40.437609805718395],[-3.565227158253806,40.43775310716961],[-3.564929401720061,40.43780753491272],[-3.5646077796316185,40.43785257570481],[-3.564223230017243,40.43789294704685],[-3.564124988298475,40.437900513002944],[-3.5640097588251725,40.43790938608591],[-3.563695530720793,40.43792477552314],[-3.5634294500513906,40.437937225842326],[-3.5634058049291677,40.437936656392566],[-3.5629355469383466,40.43790728045085],[-3.5627594696838836,40.437896579110244],[-3.5625963951409263,40.43789123767156],[-3.562496620962568,40.437886840278814],[-3.5622025193465734,40.43788043303523],[-3.5619379955247714,40.437874827224185],[-3.5615611509865395,40.43786891060997],[-3.561231002227669,40.43789190134809],[-3.561238194219017,40.437934398156266],[-3.561015773056534,40.43796119858772],[-3.560903687964979,40.437975075861196],[-3.560657327213073,40.43801273054052],[-3.560517168678838,40.438039437336705],[-3.560419968991187,40.43805684558756],[-3.5603585385766525,40.43807380110137],[-3.5603013471129574,40.43808723151742],[-3.5601957868140124,40.43809175211458],[-3.5599519490936533,40.438163591417734],[-3.5598568947861375,40.438202295206096],[-3.5597557948049876,40.43824279396314],[-3.5597037967870473,40.43826545123086],[-3.5593852377821107,40.43839253420896],[-3.5593143728048005,40.438423552900126],[-3.5592198595261446,40.4384650283339],[-3.559216301492388,40.43846664555247],[-3.5591153268131333,40.438512543166965],[-3.5589456756786584,40.43858882334726],[-3.5585603565742034,40.43876181260342],[-3.558320996250668,40.438870834204494],[-3.5581711460086787,40.43893926082391],[-3.5579281995409904,40.43905678544945],[-3.557516994702802,40.43925554491141],[-3.55745137419285,40.439286474103525],[-3.5573562206018057,40.43933065381388],[-3.555723604709863,40.4400918141096],[-3.554130147653381,40.44083737616625],[-3.5538539903580264,40.44096151989915],[-3.553571235928047,40.44108364049979],[-3.5531608932025853,40.441246794580856],[-3.5528411920040655,40.44136577484982],[-3.5523320734669914,40.44153370463936],[-3.5518955199053255,40.44165735766979],[-3.5516245693299604,40.44173419174138],[-3.5515602343998403,40.44174703029543],[-3.550405288485899,40.441987959366266],[-3.550146925170724,40.44204128850672],[-3.549723083685443,40.4420400164694],[-3.5497286730621553,40.44205452058064],[-3.54521000716858,40.44261620968222],[-3.541355104196846,40.44362655187066],[-3.5410135853727547,40.44371152579137],[-3.5408533442307135,40.444536423045015],[-3.5408302577136697,40.44462788276512],[-3.540730895699633,40.44462287188269],[-3.5379745385707078,40.444311728048916],[-3.5384094535317385,40.44501079613638],[-3.5355849996448603,40.44470793504706],[-3.534991002676977,40.44495689373635],[-3.5354957313797555,40.4464784536732],[-3.5351487656252374,40.44636351943105],[-3.5348384055414797,40.44633521872004],[-3.5344500287243044,40.446282957981765],[-3.534054684431396,40.44624513809077],[-3.533834220514774,40.44625156091535],[-3.5333559375263985,40.44631232018351],[-3.5331568906564343,40.44634296641696],[-3.532846213154139,40.44642367665021],[-3.531284468997953,40.44681643474074],[-3.53114844435262,40.446872953721126],[-3.53134247548219,40.44708286373196],[-3.53154892846937,40.447306214538],[-3.531810657519265,40.44759781183228],[-3.531966793363898,40.447807906803504],[-3.5321566798426196,40.44811064381585],[-3.532320399104317,40.44838556936899],[-3.53256090275979,40.44882591179304],[-3.532792600069137,40.44919602376237],[-3.532969886818859,40.44954565992055],[-3.5330804321656744,40.44980551320072],[-3.5332090930512527,40.450119341533245],[-3.5333290101535035,40.45037104318444],[-3.5334461862108975,40.4505750085523],[-3.5335451184348976,40.45070789111601],[-3.5338938095130525,40.45110718690089],[-3.534177232588119,40.451454534423185],[-3.5343654605611663,40.4516942074977],[-3.5344406466757263,40.4518064782518],[-3.5344922047853813,40.45191434918567],[-3.5345380450861232,40.452043868216755],[-3.5345625217514773,40.452156367956654],[-3.534568166918424,40.45227346019363],[-3.534552648110039,40.452398757528066],[-3.5345191401874407,40.45248630010051],[-3.534383790914923,40.45266980925857],[-3.5342261355351567,40.45286693489306],[-3.5340007838456344,40.453152660673744],[-3.5335563181110734,40.45361957732328],[-3.5331633299770844,40.4540339988306],[-3.532953706886469,40.454222352444],[-3.532822412488619,40.454322957951675],[-3.532659311703638,40.454428213491425],[-3.5325559644817432,40.45448364385544],[-3.5323973810774643,40.454563652925735],[-3.5322786821252756,40.4546164519377],[-3.532156386942135,40.45466205475345],[-3.532063463378471,40.454694014110096],[-3.531957558860081,40.454724230423004],[-3.531866870609443,40.45473996217871],[-3.531778456921084,40.45474487346355],[-3.5315354880171532,40.45474238554093],[-3.5313385115052096,40.45473968210613],[-3.5312299783295824,40.4547356755185],[-3.5311520649911694,40.454726122717844],[-3.5310693776496396,40.454709385473755],[-3.5310079323211174,40.45469435149815],[-3.53091328165258,40.45465604652217],[-3.5308339764464813,40.454619473707005],[-3.5305332172781503,40.4544667928181],[-3.530476411626498,40.454441827329795],[-3.530400744031061,40.45441785016594],[-3.530242396828993,40.454378035081405],[-3.530119583835721,40.4543578721899],[-3.5300192499192,40.45434661963644],[-3.529895322639212,40.4543345742486],[-3.5298044870007836,40.45433138609601],[-3.529434166421881,40.454331274673734],[-3.52908870452688,40.454343664535656],[-3.5287728513295824,40.45437122967905],[-3.5284440818705276,40.4544060647374],[-3.528237934113285,40.45443673586581],[-3.5280683367674173,40.45446633335195],[-3.527916486683713,40.45450306217077],[-3.5277858700680396,40.45454059564799],[-3.5276211739733485,40.454593598988325],[-3.5274718017259326,40.45464653217061],[-3.5273331053872563,40.45470662368317],[-3.527193251743387,40.45476941851227],[-3.527092215876043,40.45481942893706],[-3.526870335557267,40.454950169615046],[-3.5267835144295616,40.45500822220629],[-3.5267342851431596,40.45504718537691],[-3.5266851261430006,40.455095157237494],[-3.526617336875636,40.45517474556227],[-3.5265473353234387,40.45527236108508],[-3.5264891562299994,40.45537352723121],[-3.5264648249702564,40.45542949404016],[-3.5264510877935447,40.45548271078703],[-3.526446932945423,40.455554801955344],[-3.526455960582505,40.45565386017746],[-3.5264694888202253,40.455724970806074],[-3.526490084921827,40.45579514743685],[-3.526561079714685,40.455975906465966],[-3.5266341662947194,40.45612332700973],[-3.5267261919814823,40.45627876482674],[-3.5269193850825924,40.456551761534314],[-3.5270241749944984,40.45668011833371],[-3.5271668585089273,40.45682811758444],[-3.5274091315927425,40.45704233091781],[-3.5275610543845497,40.45716506674046],[-3.5277522081850843,40.45732725937154],[-3.528149801044152,40.45764617291715],[-3.528653074490067,40.45805469296321],[-3.5290271223291523,40.458377314725396],[-3.529056028290028,40.45845375914711],[-3.5291734730765216,40.45884151234389],[-3.529289592577627,40.45921125881824],[-3.5294012632494565,40.459614353508016],[-3.5295049564045566,40.4600535206957],[-3.5295621217193123,40.460424436858546],[-3.529553981637429,40.46073979082778],[-3.5295114469344138,40.46103187888758],[-3.529445512892871,40.461347496651044],[-3.52933636310353,40.46171736729572],[-3.529224493831737,40.462042204266275],[-3.5290692083689112,40.462545623830785],[-3.528961587425862,40.46296143214878],[-3.5288309617275195,40.463300769837446],[-3.5286893109141713,40.463588805487205],[-3.528523849177378,40.46384812007137],[-3.528260219674193,40.46422500121481],[-3.5280371923206735,40.4645143033999],[-3.527791880696669,40.464820829434444],[-3.5276632484083343,40.46496375826568],[-3.5274653771628577,40.46515204890997],[-3.527148003627137,40.46544538704755],[-3.5268914905476474,40.46567718649542],[-3.526614769055903,40.46588925310193],[-3.52645774750599,40.46602330179691],[-3.5263348037856237,40.466140077078116],[-3.526117224908945,40.46637349929615],[-3.5259056745225106,40.46662401169609],[-3.5256254709753905,40.466996456694986],[-3.525440596977722,40.46718918922858],[-3.525295569053879,40.46734930703795],[-3.5251892328154235,40.467478619124435],[-3.5251229026044544,40.46759513674885],[-3.525073122136321,40.467716083660314],[-3.5250305789836682,40.46785771840169],[-3.524963593494056,40.46819405968877],[-3.5249282931706345,40.46850863540026],[-3.524911410919475,40.46876456797454],[-3.5249158953547135,40.46888617015147],[-3.5249282872180348,40.4689635913637],[-3.524947819756214,40.46904818825243],[-3.524970743751918,40.46911384991129],[-3.5250042898171676,40.4691803642195],[-3.525053199744642,40.46925041773641],[-3.5251079514998107,40.46931323297996],[-3.5252054419392334,40.46941098914282],[-3.5253692548570092,40.469542678020865],[-3.5255887489256756,40.46970474951914],[-3.5257939062760113,40.46984345788538],[-3.526020297096045,40.46998206925256],[-3.5263011036972287,40.47014025763253],[-3.526638568541534,40.47030268718561],[-3.526823219125406,40.47038293219104],[-3.526950946587289,40.47042469318922],[-3.5271223134976357,40.47046535503728],[-3.5273514727777853,40.470504855672374],[-3.527643193400075,40.47054947297913],[-3.528145131552467,40.47062466521493],[-3.5285349661590315,40.470694958030506],[-3.5288492987291793,40.47076469861161],[-3.5291920202054716,40.47084331196467],[-3.529591483916941,40.470937885944686],[-3.5300217118066617,40.47104403008161],[-3.530437784494198,40.471150232168974],[-3.5308401519494583,40.47128173442704],[-3.5311726459343236,40.47129191681962],[-3.531711943088403,40.4713164678164],[-3.5324354452224824,40.471362695825206],[-3.5326538231971654,40.47138061398228],[-3.532878285652908,40.47142192348372],[-3.5330863252017704,40.4714750199996],[-3.5332543365466353,40.471538214327836],[-3.533440163622545,40.4716166378928],[-3.5335479936725225,40.4716774023171],[-3.5337080623972126,40.4717802677582],[-3.533870704931924,40.47191015350307],[-3.5339480999103796,40.47200078693275],[-3.5340113621850295,40.47209418920646],[-3.534123631843525,40.47226934781485],[-3.534181289146972,40.47239971190198],[-3.5342572612125465,40.47260837593083],[-3.53430709601321,40.47279373191828],[-3.5343449275818046,40.47295301636354],[-3.5343584867198192,40.47317547692142],[-3.5344056368543266,40.47376715750646],[-3.5344193786509126,40.47431123938204],[-3.5344673992675357,40.475011923783],[-3.5344851881910144,40.47561995160331],[-3.5345463591638495,40.47649174683254],[-3.5345759102388223,40.47694566535872],[-3.534627178509117,40.47731209523617],[-3.5346345426542976,40.47734809715257],[-3.5346544544017537,40.47747864087744],[-3.5347227177375236,40.47775580301649],[-3.5347556853723154,40.47789619170049],[-3.534786885817846,40.478111363197094],[-3.5348000986089985,40.47829058193526],[-3.5347926899561406,40.47839782323733],[-3.5347721838254347,40.478489809849634],[-3.5347505039119995,40.47858270819237],[-3.5347438757923872,40.47863949551443],[-3.5347434239559186,40.478731389332495],[-3.5347607623763304,40.47883491252938],[-3.534771893574144,40.47889972667499],[-3.534793665125337,40.47896719338244],[-3.5348943654637015,40.479169431519296],[-3.5349255966836006,40.47923955711679],[-3.534933125672917,40.479296278920074],[-3.5349264321094953,40.47934495845573],[-3.5349000700179456,40.47944237757349],[-3.5348564393168553,40.479593931447646],[-3.5348417947926336,40.47968138643274],[-3.5348446118768058,40.47973903094088],[-3.5348827062367265,40.47993075156749],[-3.5350303409768338,40.48039763755191],[-3.535107998257159,40.48066844953703],[-3.5353701396304955,40.48129156662942],[-3.535576848089769,40.48176719163574],[-3.5358070767322767,40.4822327928027],[-3.535861978116536,40.48231182276304],[-3.5360144048233777,40.48248949569344],[-3.536828577900342,40.483536181770866],[-3.537074636617287,40.48391431956996],[-3.5372077874080428,40.48418848106961],[-3.5372558859234866,40.48430177068806],[-3.537282566713489,40.48439263829373],[-3.5373036728002965,40.48452407133207],[-3.537308324622449,40.48466368984561],[-3.53729889012452,40.484812381924115],[-3.5372415324970685,40.48516670247416],[-3.537161691058566,40.48551212299865],[-3.537109974977715,40.485685335796376],[-3.537017517469375,40.48592900793112],[-3.536935345449054,40.48613028998935],[-3.536920445038287,40.486185313995364],[-3.5369081185386104,40.48626735388465],[-3.5369205059422155,40.48634116997847],[-3.53693267800082,40.486387960129186],[-3.5369472170084504,40.48643564017966],[-3.53698539666488,40.4864886166797],[-3.537035409878119,40.48654604176987],[-3.5371352378357934,40.486635668562414],[-3.537257577232531,40.486736907701996],[-3.537396356279636,40.48682815498696],[-3.5375493015050217,40.48692023711354],[-3.538177274088367,40.4872470531812],[-3.5386593476726698,40.487477247128616],[-3.5393915081661347,40.487846814001436],[-3.539462590727096,40.48788251814217],[-3.5398702020390056,40.48809593748456],[-3.5400087852306683,40.488161957379276],[-3.5401460587803255,40.48821176706898],[-3.5404796308569675,40.48831471893754],[-3.5407705764632733,40.488398945041865],[-3.540825025877829,40.488420311802365],[-3.5408783533184733,40.48844889637431],[-3.540915225919411,40.48848566060903],[-3.540948581711758,40.4885251448862],[-3.5409891978598953,40.48858711670782],[-3.5410179860109907,40.488645541194344],[-3.541043342979443,40.48871749429871],[-3.5410580881429548,40.48879129887154],[-3.5410909426378065,40.48906231612243],[-3.5411188823371327,40.48930903213008],[-3.5411641723317637,40.489659275491135],[-3.5412176438196785,40.49014731329286],[-3.5412338114098674,40.490544534203515],[-3.5412200990997476,40.49104190001314],[-3.5412248089092855,40.49133467044799],[-3.541243889615447,40.49150665335007],[-3.541261169134351,40.49160116662534],[-3.541308070960965,40.4917108573084],[-3.541363211206986,40.491818712089966],[-3.5414669981892586,40.49195876672674],[-3.541609115814227,40.492169812507385],[-3.541672689243231,40.49229834373682],[-3.5417187165305286,40.49244587601078],[-3.541754021598518,40.49258085047159],[-3.541792099749499,40.49276715853956],[-3.5417991372714956,40.49290856636575],[-3.541800688059385,40.49310225283102],[-3.5417763996047356,40.49331047387202],[-3.541719274813519,40.49369092101352],[-3.541702480377672,40.493803612733856],[-3.5417044212505306,40.493899098694776],[-3.5417227733972085,40.49398009338091],[-3.541777922102959,40.494087947878384],[-3.5418624782001618,40.49418394830911],[-3.5419741675821714,40.49427892053852],[-3.542109457565245,40.49437378195553],[-3.5422518352769403,40.49446951085325],[-3.542477110954843,40.49460179265219],[-3.542720197853025,40.494747500211936],[-3.5429905280355745,40.494905695414],[-3.5433180384466185,40.49513028391428],[-3.5436515094018417,40.49536205511126],[-3.543970720368901,40.495581279903455],[-3.544050124719515,40.495623248261204],[-3.5441638521291448,40.49567766840747],[-3.5443284378342077,40.495746264153425],[-3.544496425612336,40.49579772570228],[-3.544646705802095,40.49584837406697],[-3.54523216115749,40.496010486522145],[-3.5455457771788024,40.496120719459746],[-3.545906983092305,40.496278479662706],[-3.5465005403152507,40.49656577197597],[-3.546855844386725,40.496722651700665],[-3.547229766375619,40.49684701441103],[-3.547518359294054,40.496926729982256],[-3.5479263951799913,40.49703651446759],[-3.549719919445251,40.49758567793776],[-3.550237178461911,40.4977751107822],[-3.550625612126982,40.49794083457953],[-3.5510936731543765,40.49817464636781],[-3.5517935364876734,40.49861275574674],[-3.5520012330620037,40.49875590900455],[-3.5524080800531768,40.499007124807314],[-3.5527584258609446,40.49927572553921],[-3.552841600980326,40.49934469754676],[-3.5529451498146267,40.49945140963089],[-3.553032140547534,40.49955369638013],[-3.553168130043324,40.499730527373984],[-3.553228176567017,40.49983113483995],[-3.5532785478169546,40.499929091312644],[-3.5533050357775804,40.49999293348665],[-3.5533209459703925,40.50006222626769],[-3.553378106769886,40.50055654600148],[-3.5534037914482797,40.50095371879352],[-3.5534358814435745,40.50112473614437],[-3.553471222103272,40.50126060749882],[-3.553512989280808,40.50146040712186],[-3.5535508327168115,40.5016142789566],[-3.5535852614853205,40.50178258235685],[-3.553605505294819,40.50194825100898],[-3.5535979318580626,40.5020320705453],[-3.553558895493585,40.50216468913402],[-3.5534055344624993,40.5024600163631],[-3.555212710567529,40.50315444001778],[-3.554946538610614,40.50545886516722],[-3.555128748639271,40.50856690548589],[-3.5542589652187084,40.51133628625635],[-3.5583833102170397,40.5112562151849],[-3.5616679832360636,40.51068664998827],[-3.561754528743524,40.51115685795135],[-3.5649957705346247,40.5120562297071],[-3.5672867116569367,40.51216368695047],[-3.572048377830903,40.51240468946066],[-3.57587962466133,40.510413821910525],[-3.577950866552843,40.510370624102215],[-3.582904248200601,40.50845697911191],[-3.5847160554262354,40.506720287626656],[-3.586830051162839,40.50537915090362],[-3.589119977980221,40.504515365048206],[-3.5932310354206,40.501531780249664],[-3.593231499704334,40.50153143192292],[-3.5932681048636645,40.50140651789432],[-3.593560033409726,40.501446853695874],[-3.5937006274564816,40.50146415028138],[-3.593733671039314,40.50146398051871],[-3.5937879331022984,40.50146099994272],[-3.5938185925956296,40.501458139722615],[-3.5938445236309224,40.501454402898034],[-3.593888124799317,40.501446971684615],[-3.5939611496948927,40.50143038118865],[-3.5940624101756247,40.50140373476598],[-3.5940988907879903,40.50139183560468],[-3.59411416885926,40.50138455080794],[-3.5941294207228744,40.50137456346096],[-3.5941411504522454,40.5013663951078],[-3.5941528507377374,40.50135462242663],[-3.594184364393153,40.50131482105096],[-3.5942018595984093,40.50129130784428],[-3.5942205428651364,40.50126868942034],[-3.594233428841182,40.5012578124294],[-3.5942463295479623,40.501248738951745],[-3.5942533784937933,40.501245099127736],[-3.5942651490988475,40.50124143322154],[-3.594283991331571,40.5012368318564],[-3.5943040216357605,40.50123312527275],[-3.5943228877628517,40.50123123186678],[-3.5945022347645557,40.50122670671007],[-3.5945399748601257,40.50122380987359],[-3.594594188956275,40.501215422899264],[-3.594648387136728,40.50120523509365],[-3.5947025773369057,40.50119414550847],[-3.594772061376051,40.50117757182074],[-3.594789739346283,40.50117477815392],[-3.5948180463836037,40.501172831571665],[-3.5948392953680304,40.5011736230943],[-3.5948487443066344,40.50117447535227],[-3.5948641018165315,40.50117619808986],[-3.5948735587216674,40.501177952099994],[-3.5948901214022855,40.501182370412494],[-3.594939837783749,40.50119923237074],[-3.5950108600801856,40.50122319086473],[-3.595103180391308,40.501253346803146],[-3.595188364334217,40.50127723676539],[-3.5952392132066966,40.50128868739584],[-3.5953160407604003,40.501301805068636],[-3.5954070298512164,40.501314850629555],[-3.5954814334869987,40.50132077352632],[-3.59557825155379,40.50132568086801],[-3.595660868288796,40.501326156856706],[-3.595712777855577,40.501324087496144],[-3.5957375445430833,40.50132215803748],[-3.5957634754143752,40.50131842078333],[-3.595797651264153,40.50131284463316],[-3.5958494810657173,40.50130176217516],[-3.5959013029579747,40.50128978784939],[-3.596009595352323,40.50125769899702],[-3.5961885195761134,40.50120542600663],[-3.5962120741789474,40.501199899122234],[-3.5962403572448443,40.501195248731555],[-3.596278081287694,40.501190549621796],[-3.5963181895099052,40.50118854178108],[-3.5965364882471134,40.50118471336277],[-3.5967076140301573,40.501184736196606],[-3.5967477541662816,40.501186331619124],[-3.5969296766909054,40.50120611354127],[-3.5969757414081105,40.50121038006386],[-3.597031231148339,40.501212796989186],[-3.597256642602803,40.50121253404136],[-3.597305067589243,40.50121678823434],[-3.597464536998537,40.50123398808506],[-3.5975542823113895,40.50123983033017],[-3.5975967747409143,40.50124051149937],[-3.597715927211284,40.501235391717586],[-3.597746616312187,40.50123523298527],[-3.5977950034627115,40.50123588449245],[-3.597857581977107,40.50123916434501],[-3.5979024586495587,40.501242535749945],[-3.598005233370523,40.50125371649932],[-3.5980997392987333,40.50126404356255],[-3.5981848042176003,40.501274414011945],[-3.5982935276725483,40.50129096907804],[-3.598339632557251,40.5012997402206],[-3.598378664705207,40.50130944796],[-3.5984117962422224,40.501319186240664],[-3.59846979847954,40.50133870645466],[-3.598485196145117,40.50134493297376],[-3.598507714596174,40.50135562708351],[-3.5986239022210453,40.501415386102316],[-3.5986381141519925,40.5014207187497],[-3.5986523076998336,40.501424248801264],[-3.598668861509663,40.50142776752493],[-3.598684211159972,40.501428588900936],[-3.5987219808336173,40.501429292320566],[-3.5987927724366178,40.50142712915531],[-3.59886000758533,40.50142317718271],[-3.598912077359331,40.50143912433934],[-3.599012957060141,40.50150256587403],[-3.5990972097734066,40.5015543809918],[-3.599220392037687,40.50160419331038],[-3.5992985371258603,40.50163261760212],[-3.599318679506069,40.50164152208651],[-3.5993329132237926,40.50164955631655],[-3.599353095703494,40.50166296505762],[-3.5993863398346773,40.50168531769422],[-3.5993946488602715,40.501690679963055],[-3.599405318148789,40.501696029989155],[-3.599419519812774,40.50170046079816],[-3.599433705440475,40.50170308990036],[-3.5994455227961213,40.50170483129208],[-3.5994644209301945,40.50170653505196],[-3.5994797626327992,40.50170645546922],[-3.5994915559226066,40.50170549339781],[-3.5995092418626573,40.501703601663905],[-3.5995304601659113,40.50170078980695],[-3.599551670438676,40.50169707619274],[-3.59957758518994,40.501691536378445],[-3.5996105486346197,40.50168235640958],[-3.5996317348318465,40.50167594022322],[-3.599651732872739,40.501668629304106],[-3.5997363652884826,40.501630353471505],[-3.5998178503978733,40.50163623682389],[-3.6000159342391225,40.50174782209787],[-3.600034896615599,40.501756732583644],[-3.600058587552033,40.50176651940777],[-3.600088195259479,40.50177808269681],[-3.600104757249074,40.50178250116498],[-3.600123679505306,40.50178690737393],[-3.6001402254422445,40.50178952413219],[-3.600166220467917,40.501792992710044],[-3.60018983114377,40.50179377098307],[-3.600209893393569,40.50179366678679],[-3.600233479988688,40.5017917433946],[-3.6002617549827045,40.501786191167994],[-3.600286481545211,40.50177975647241],[-3.6003806350939334,40.50175043875221],[-3.600612518403245,40.50168166858165],[-3.600637244893042,40.50167523381141],[-3.6006831815758287,40.50166508521452],[-3.600723242884634,40.501657669823025],[-3.6007491816391703,40.50165483320456],[-3.6007869136435637,40.50165103347605],[-3.6008176050535594,40.5016517748099],[-3.6008542200468283,40.501655188019505],[-3.6008802151035817,40.50165866184204],[-3.600902669725081,40.501662148662746],[-3.6009345895057803,40.50166828894284],[-3.600966517331769,40.501675330066384],[-3.6010079183665633,40.501685925491074],[-3.601043402688782,40.501694750786264],[-3.6010753305383494,40.501701791879526],[-3.601104890091758,40.501707944388535],[-3.60113326147793,40.50171320217639],[-3.601160444703496,40.501717566144876],[-3.6011935205361905,40.50172099765733],[-3.6012183193699023,40.501722670433224],[-3.601243118204772,40.50172434320378],[-3.6012667288662894,40.501725121256854],[-3.601289143309577,40.50172410374098],[-3.601308009323431,40.50172220469094],[-3.6013244989777813,40.50171851531395],[-3.6013421526717897,40.5017130180893],[-3.6013633145750763,40.501703899030005],[-3.601391492892618,40.5016875363013],[-3.601429023732529,40.50166121505808],[-3.601475874881764,40.50162133188241],[-3.6015858102674962,40.501509049684685],[-3.6016151202869393,40.501487275645324],[-3.601645642608087,40.5014690988635],[-3.601664452189835,40.50146089288952],[-3.6016821057881727,40.501455395613384],[-3.601708012216107,40.50144895447084],[-3.6017363030884244,40.50144520899452],[-3.601774067117069,40.50144501235352],[-3.60181777202919,40.50144928923289],[-3.601885143889421,40.5014606508891],[-3.6019442870819156,40.50147565714179],[-3.602004586291021,40.50148795736252],[-3.602031753363837,40.501490518521344],[-3.6020565118607153,40.50148768685722],[-3.6020788859392012,40.50148216492813],[-3.6020965314538542,40.50147576673679],[-3.6021153329267355,40.50146665983768],[-3.602138782401917,40.501449420670724],[-3.602151634900913,40.501434939397626],[-3.6021702832984763,40.50140871629929],[-3.6021830322381936,40.5013825239389],[-3.602192198155746,40.50135184577721],[-3.6022094673489518,40.50130310750627],[-3.6022129593820424,40.50129768394447],[-3.6022211396901205,40.501288633275884],[-3.6022281559777225,40.501281389559985],[-3.602234024366679,40.50127775540209],[-3.6022422530005906,40.50127410894395],[-3.6022516617563265,40.50127045633517],[-3.602263430756359,40.50126679142527],[-3.602276395991639,40.5012649220681],[-3.6022881891607312,40.50126395971207],[-3.6023035295744403,40.50126387976134],[-3.602340153664027,40.5012681933473],[-3.602414876371156,40.501277137119835],[-3.602836664082681,40.501334135405536],[-3.602803442420695,40.50144742766406],[-3.60280355986602,40.50144749551941],[-3.6031846417366293,40.50166756307216],[-3.6033490281119946,40.5017624925016],[-3.6046543846794252,40.503022779941915],[-3.604643671225239,40.503032427812805],[-3.6047943538595253,40.50311844133799],[-3.604958966697524,40.50325040840405],[-3.6052561554369174,40.503481307179165],[-3.60541378431928,40.5036204893852],[-3.605552732340516,40.50377413040692],[-3.605653644335516,40.50388219620078],[-3.6057700025386454,40.50400813394497],[-3.6058567060415023,40.50410460836362],[-3.6059281344612764,40.50420296009044],[-3.605966735643609,40.50431135319831],[-3.6060118119451245,40.50448612620639],[-3.6060401769166663,40.50463316543817],[-3.606074675686586,40.50480799838674],[-3.606116766332981,40.50504292073235],[-3.60618262762101,40.505306437946125],[-3.6062305071882412,40.50549459151538],[-3.6062728223460625,40.50555038437096],[-3.6063347499865417,40.505617070612466],[-3.606420254335192,40.50571086170114],[-3.6065127401704684,40.50579653236757],[-3.6066252603532485,40.50588748783684],[-3.6067902018759614,40.50600264702448],[-3.606959914373861,40.50610259545833],[-3.607141138089529,40.50617671491365],[-3.6075417476257767,40.50632475234259],[-3.6078166384711805,40.50644879944693],[-3.608020111267457,40.506548568736875],[-3.6082384273512664,40.50666619091798],[-3.6085284311465364,40.50683833743428],[-3.6088059906393384,40.50701390460203],[-3.609125784776144,40.507232954405794],[-3.6093738407083773,40.50739187134555],[-3.609592637478664,40.50756214830217],[-3.609920905413308,40.50782484628182],[-3.6101111786414424,40.50800647808617],[-3.6102608698789944,40.50816367095343],[-3.6104325160090376,40.50831402969127],[-3.610644199007828,40.50850787351542],[-3.610827050528293,40.50867945603366],[-3.6110097503386798,40.50880638901287],[-3.6110767342505476,40.508855170412716],[-3.6112017291430805,40.50892108714766],[-3.6112987326371235,40.508948859377554],[-3.6113889370978547,40.50895097133531],[-3.6114502786027525,40.5089498774183],[-3.611528607348509,40.50895530162324],[-3.6116956596950183,40.50897639115318],[-3.611820444721823,40.50898990159841],[-3.612088542990304,40.50904192371699],[-3.612253605571139,40.509072212083474],[-3.612393742370075,40.50910599894338],[-3.612513357269415,40.50914407815471],[-3.6126550872710053,40.5092029713365],[-3.6128441110541205,40.50928293226321],[-3.612961683101445,40.50933355415877],[-3.6131122926584713,40.50941141301383],[-3.6132834408071712,40.50951538585292],[-3.6134323153528123,40.50959614535979],[-3.613587867867413,40.50970726442759],[-3.6137351940748306,40.50980751446234],[-3.613917720825748,40.50993757071892],[-3.6140102327730657,40.51000720467271],[-3.6140980091420567,40.51008793568505],[-3.6141443831389117,40.510135670768165],[-3.61417866999175,40.510183470074246],[-3.614212973685513,40.51023310980336],[-3.614240189525588,40.5103012491848],[-3.614260257134364,40.51038049492002],[-3.6142561107190527,40.51045618111029],[-3.614218614838511,40.510636508438566],[-3.6142225967712704,40.510679268849586],[-3.6142499009163642,40.510703251416665],[-3.6142734723780303,40.51071981064653],[-3.614317397995493,40.51074222377454],[-3.6143800769838577,40.51076451195771],[-3.614503483882124,40.51080364729733],[-3.6146634944270883,40.51085077782489],[-3.614845328858724,40.51090517212453],[-3.6149690382061523,40.51094880261],[-3.615095620058174,40.51097763853483],[-3.6152329611744505,40.51098984512537],[-3.6153719558217974,40.51097259167801],[-3.6155623105707586,40.51095608339621],[-3.6157697305922376,40.510927565062694],[-3.6159426322350727,40.51088135574665],[-3.6161264739900725,40.510836277921456],[-3.616514376263177,40.51073648028475],[-3.616878496586467,40.51061383374753],[-3.617293330482974,40.51050089165238],[-3.617638651976484,40.51034950737767],[-3.617814391853744,40.510272295702634],[-3.6179495978018656,40.510202447300976],[-3.618073571950769,40.510159010816814],[-3.6182110431175207,40.51012136680378],[-3.618392189288513,40.510100098668296],[-3.618559095152598,40.510108431418956],[-3.6187164509768275,40.51012973385673],[-3.6188762872640803,40.510158407410024],[-3.619053088632493,40.51019067631161],[-3.6193309697610045,40.51023634276067],[-3.6195832939697796,40.51026718715489],[-3.6197814438478995,40.51027103173777],[-3.620025757694533,40.51026665990692],[-3.6203306328018057,40.51023904918286],[-3.6208310080251263,40.510184742710486],[-3.6210716569965165,40.510155855260585],[-3.6212477552933833,40.51011246584851],[-3.6213897206253,40.510037884340704],[-3.621521931688594,40.50995412908332],[-3.621651496631231,40.5098463980486],[-3.621850648852055,40.509681083960125],[-3.621989528134832,40.50953454693399],[-3.6221502549406566,40.5093971226602],[-3.622289621780487,40.5093041028564],[-3.6224870238454168,40.50921076937716],[-3.6227352711373846,40.50912638761129],[-3.6229305439765684,40.50906443572186],[-3.6231309888398897,40.50903936427279],[-3.6233157787197077,40.50903159297161],[-3.623451929989211,40.509044698914124],[-3.6235688568949715,40.50906652727116],[-3.62375641989166,40.5091191973842],[-3.624013573899341,40.509223365705346],[-3.6242342484072343,40.50930523613401],[-3.6244206241533674,40.50935614042344],[-3.624609064699082,40.50938454247541],[-3.62477004224627,40.50938540197604],[-3.624887376895645,40.50941557085511],[-3.6250255279485155,40.509451733274304],[-3.6251054281293102,40.50947240719319],[-3.6251689922885366,40.509472063331614],[-3.625245153804845,40.509460005442385],[-3.625336584674796,40.50944980809995],[-3.6254913813316048,40.50941792288018],[-3.6256259861826496,40.50940166644204],[-3.6257174769527207,40.5093972936433],[-3.6258140655196422,40.50939482647968],[-3.6259588538851646,40.509380457728895],[-3.626093115905006,40.50933522720701],[-3.6262763619503975,40.50928071854315],[-3.6264957360610603,40.509211249906684],[-3.626722206576025,40.509125131716225],[-3.626896659286692,40.50904665647507],[-3.6271936965861156,40.50891752249788],[-3.6274615944458084,40.508816626793156],[-3.6276109023776666,40.50875306974205],[-3.62780171499816,40.50864844777292],[-3.6281376706247395,40.50850718202455],[-3.628326092251449,40.50844284387292],[-3.628499830662088,40.50840683635538],[-3.6286591730111706,40.50838197976145],[-3.6289273211915596,40.508358375856844],[-3.629147311487494,40.508355332433965],[-3.62927797086245,40.508365692971225],[-3.6294522433913006,40.50838688867567],[-3.629699205492303,40.50842429779609],[-3.6299823837189527,40.50845597117372],[-3.630212197109983,40.5084694828226],[-3.630340569428573,40.50847492584838],[-3.630541068845525,40.5084750689395],[-3.6307731796830227,40.508475648141655],[-3.6309835303849827,40.50847634569525],[-3.6311768942591787,40.508469751034184],[-3.631326595895857,40.50844863527655],[-3.6314713455390355,40.50841462759061],[-3.6315268082368637,40.50839540937016],[-3.6315859356224585,40.508374920655534],[-3.631690834511592,40.508333997225606],[-3.6319433484449717,40.508214588923444],[-3.6321215581888193,40.50813979602846],[-3.632273262348825,40.508074379327006],[-3.632458502066222,40.50797555668699],[-3.6326412524247598,40.50786936816898],[-3.6327711655715156,40.50780037734996],[-3.6328337632657863,40.50777235194889],[-3.632889071367994,40.507740678184035],[-3.6329565067150478,40.50771262622187],[-3.6330500280465214,40.507681862877575],[-3.6331341966666675,40.50766590731579],[-3.6331903902808915,40.50766440844715],[-3.6332590979395043,40.507671258012714],[-3.6332764677064255,40.50765062158132],[-3.6336471058057325,40.50781669816733],[-3.639554459932234,40.507880793313035],[-3.641100500333951,40.508002422579494],[-3.641081520140744,40.508053130980976],[-3.64118756036488,40.50808412793534],[-3.6412767334207623,40.50811404633394],[-3.641350510827027,40.50813703306178],[-3.641460262599499,40.50815036159266],[-3.6416107571829506,40.50815986024597],[-3.641754504615902,40.50816978986308],[-3.6419149924481236,40.508187167679026],[-3.642027546198539,40.50820084226457],[-3.6421054466353695,40.508211938152556],[-3.6421819565781934,40.50821151300067],[-3.6422568560139523,40.508206325625174],[-3.642339503545796,40.50819514294033],[-3.64241114113771,40.5081819709725],[-3.642498484367796,40.508162557646784],[-3.6427051171296307,40.508109075792994],[-3.643060668811778,40.508008784344106],[-3.643256829956559,40.50794810489256],[-3.6433659920586554,40.50793319283348],[-3.6434547926682197,40.50794233975777],[-3.643621372154739,40.50797147486178],[-3.643869712529544,40.50800795232366],[-3.6441444221845884,40.50805652358786],[-3.6443433603521784,40.50811331393274],[-3.6443751433457994,40.50805658592325],[-3.6448411697899648,40.50788220518945],[-3.6449978947868344,40.507963013504174],[-3.645532707787668,40.50822073180094],[-3.645611275181398,40.508263037501415],[-3.645705975765174,40.5083198204237],[-3.645772241349264,40.508363135282195],[-3.6458478865468527,40.508421426358574],[-3.6459360116986193,40.508497974468945],[-3.646024827340034,40.508582497849225],[-3.64624526603183,40.508787011859795],[-3.6463768983239606,40.50890793928234],[-3.646631617164898,40.509144825321734],[-3.6468276077116983,40.50933025807557],[-3.6471438762543573,40.50964251476381],[-3.6474869173185342,40.5100281288025],[-3.6477300006635325,40.51023953097236],[-3.6477677735325233,40.510270426123114],[-3.6478215866468933,40.51031267266233],[-3.6478946325478363,40.51035838788518],[-3.6479492876549253,40.51039097388842],[-3.6480147381728214,40.510425644351244],[-3.6480999050384026,40.51046521135514],[-3.6482071302689607,40.51050858965841],[-3.648456822124793,40.51060694358321],[-3.6486293724262526,40.510672478987615],[-3.6487732510352533,40.51072744639146],[-3.648878979512182,40.51076117671681],[-3.648971010342643,40.51078390110581],[-3.649034345019716,40.51079355610701],[-3.6491044548695473,40.51080174059925],[-3.649213723043161,40.5108136401543],[-3.6495745274495612,40.51084844100022],[-3.6498600898409883,40.51087686935749],[-3.6503840832521495,40.510928624420195],[-3.650853677412441,40.51097424934356],[-3.651587748010057,40.51104769817667],[-3.651684135319805,40.511060027478656],[-3.6517831672879857,40.51107949395907],[-3.651985019634849,40.51111214139352],[-3.652104797054425,40.51112509602246],[-3.6521996488779367,40.511129866072395],[-3.6522649942789513,40.5111314611916],[-3.652337593990208,40.51112878113382],[-3.652448383783349,40.51112170707868],[-3.6523806229568647,40.511437587147654],[-3.6545328859563218,40.51278777090164],[-3.6561698881231988,40.51309715014195],[-3.6576142676955072,40.51171846096066],[-3.6578842175944914,40.51146115334774],[-3.6578848175184713,40.51146058056915],[-3.6585987249578125,40.51166877290859],[-3.659158268500108,40.5135931402045],[-3.661467165153501,40.517266251947305],[-3.662870209155891,40.52003297675422],[-3.6662024701564127,40.521113478206644],[-3.666239465348728,40.52112515844785],[-3.666179752589093,40.521225256389975],[-3.666067395397291,40.52140325316206],[-3.665993954226408,40.521560772638594],[-3.66596833721128,40.52164050663881],[-3.665938968168688,40.521797278372865],[-3.6658951431530027,40.52201392181371],[-3.665846039853299,40.522165086591784],[-3.665715271557294,40.52255078817099],[-3.6656625676946097,40.52274822704869],[-3.6656309474579007,40.52290262248825],[-3.6656242232720166,40.522933319377586],[-3.665620443972758,40.52295786965362],[-3.6656178495154452,40.52300003899792],[-3.6656232766731054,40.52304062972158],[-3.6656286751935565,40.52307892154091],[-3.6656364236349157,40.52313565273213],[-3.6656552523362658,40.52323923388588],[-3.6656805927570084,40.52333777038002],[-3.665709437250888,40.52341197258716],[-3.665775668567089,40.523567133072554],[-3.6658438768852446,40.52369167532335],[-3.665933414521883,40.52388692249134],[-3.6659453917531404,40.5239229791073],[-3.6659547043233482,40.52398633900275],[-3.6659586144810765,40.524066266748804],[-3.6659604828421792,40.52425503723472],[-3.6659439254893993,40.524476093656155],[-3.6659778048632874,40.52447933438404],[-3.6676510880049094,40.52500770688998],[-3.6700475380264765,40.52472071093142],[-3.6720289166594857,40.52436625490757],[-3.675066616726577,40.5255754137421],[-3.6755819638527747,40.526118077929596],[-3.6772066461351622,40.52699226745319],[-3.6765279659942207,40.52724497560027],[-3.6757237939200893,40.52838110013265],[-3.6723371569688283,40.53086917754202],[-3.67101487197145,40.5320630537657],[-3.669348987590458,40.534341322634226],[-3.6693236796330124,40.53437968397477],[-3.669519487253386,40.534508079075714],[-3.669790127977136,40.53469047166267],[-3.669918363192619,40.53476584777723],[-3.670049541883715,40.53485812713902],[-3.6701333933179936,40.53492953342948],[-3.670223022429716,40.535024165245],[-3.6703379909640423,40.53515882773969],[-3.670475215485754,40.535301814893195],[-3.6706460853729928,40.53550659482381],[-3.6707110182013696,40.5356028200192],[-3.6707591828363064,40.53570826670473],[-3.670798301746845,40.53582070721827],[-3.6708395511983514,40.53588605860161],[-3.670937004966861,40.536057122499265],[-3.6710106880707305,40.536162665926014],[-3.6711073330807946,40.536304542931845],[-3.671260216635011,40.536481374566776],[-3.6714059704469597,40.53664545933577],[-3.6715377177426607,40.53679482015053],[-3.671650178874101,40.53695486753152],[-3.6717343936802997,40.53706222039543],[-3.67184365975992,40.53717999763406],[-3.671964906033253,40.537291326814895],[-3.6720574582410417,40.53737185209148],[-3.6721803950446534,40.53743238823032],[-3.672257855174812,40.53745426243677],[-3.6724052569754244,40.53749135815819],[-3.672635128547181,40.53754137970577],[-3.672942824827947,40.537601134772835],[-3.673095397258205,40.53763578602086],[-3.673185497448153,40.5376569625532],[-3.67329423419067,40.537699104853814],[-3.673436432646945,40.537774111855036],[-3.6736717763430677,40.53790308105858],[-3.6737916883886435,40.53797638966059],[-3.6739159555360086,40.53806784271353],[-3.6740840952556226,40.53818839055831],[-3.674121440248821,40.538227058536414],[-3.6742144253064817,40.53835096172298],[-3.674264892155973,40.53842747048961],[-3.674334606933491,40.5385275629109],[-3.6743470692205147,40.53861657252197],[-3.674383952407709,40.53873691295821],[-3.6744430073565177,40.53890767539216],[-3.6744744948059793,40.53899790994021],[-3.6745277445655025,40.53909773529088],[-3.6745977010858595,40.53921204661783],[-3.674702698411048,40.53938934954983],[-3.6747434733488658,40.539472125396706],[-3.6748002379848272,40.53960500792364],[-3.674867812135724,40.5397103349379],[-3.674988768621733,40.53988724617934],[-3.6750667765425824,40.539987077970515],[-3.6751779062088348,40.54014003870504],[-3.675296843258688,40.54030948315322],[-3.675551148090218,40.54068958392091],[-3.675624144475198,40.540782193389006],[-3.675718156588024,40.540895209291776],[-3.675786301761253,40.54095508810916],[-3.6758879768158335,40.541050454836366],[-3.675950365104292,40.54110594388183],[-3.6759766897309047,40.54112221301885],[-3.6761103571240987,40.54121107265114],[-3.6762984166279433,40.541310318985076],[-3.676488163956635,40.54141494422683],[-3.6766076777378527,40.54149656194448],[-3.676705870173424,40.541573288285136],[-3.676943199762725,40.54177593062389],[-3.6770126641004253,40.54185356824484],[-3.6772594333531554,40.542123047174094],[-3.6774486427269415,40.54233600457335],[-3.6776237525879827,40.54260032726184],[-3.677694692861055,40.54267907109827],[-3.6778174027474697,40.54281883357016],[-3.677944880569399,40.542953686932236],[-3.677977029205775,40.542996283145406],[-3.67802269013193,40.54311175286593],[-3.6781531998518355,40.543365404186325],[-3.6781685721705415,40.54339635126401],[-3.6781821717297407,40.54344776605318],[-3.678163439981904,40.54345080298063],[-3.678740272917531,40.54538183545324],[-3.678622920672147,40.546505851949384],[-3.6786051257808983,40.54651052666011],[-3.678617947990919,40.54654204268181],[-3.6787248143844873,40.54673826911331],[-3.6787666019139653,40.54683149674132],[-3.678795937034973,40.54688726304363],[-3.6789373824501648,40.54710594875996],[-3.6789863898531854,40.547178596400784],[-3.6790305859752306,40.54723498429832],[-3.679066209045286,40.54726947070553],[-3.6791664333796956,40.54735881421845],[-3.6793021238998738,40.54746706769772],[-3.679386384512324,40.547538088086746],[-3.679434363263368,40.547601539941745],[-3.679562182759633,40.547757280890906],[-3.679631676319232,40.54783688960323],[-3.6796909633156742,40.547916557417274],[-3.679833221462089,40.548123195079626],[-3.679962289827736,40.54831079341199],[-3.6800699961875822,40.54848477614434],[-3.680132181661977,40.548588878470525],[-3.6801830285195924,40.54866403632754],[-3.6802383914191075,40.548734267660116],[-3.680307437165846,40.54877656304379],[-3.680381804766111,40.54880918667908],[-3.680612167693674,40.54891114237949],[-3.6808116688792203,40.54899675005206],[-3.6811388983842557,40.549206027378986],[-3.681314237827339,40.54934900080484],[-3.681437780630718,40.54946038366282],[-3.681481314349831,40.54950944310212],[-3.6816074372008876,40.549651588371844],[-3.681733132951861,40.549785221760814],[-3.681855166312196,40.54992171440956],[-3.6819001090187884,40.54998969385199],[-3.681943034349313,40.55023821700309],[-3.68197498881157,40.550353973999776],[-3.68201655966938,40.5504689426996],[-3.682107228156905,40.550681959343706],[-3.6822364829229954,40.55081035051827],[-3.682354067112339,40.551021003545486],[-3.682431903070535,40.55120180711141],[-3.6824774060210386,40.55132482432155],[-3.6824951932110976,40.55156101485026],[-3.682336713345886,40.551966295656044],[-3.682289795749862,40.55208325434623],[-3.6822783094150724,40.55218385993776],[-3.682201121451707,40.552540964916844],[-3.6821743796044117,40.55265559994942],[-3.682136950961434,40.55281861968565],[-3.682120724155445,40.55290602916383],[-3.682151005249158,40.55290840978511],[-3.6824083893512083,40.55383111372373],[-3.6849313706101143,40.55809407243358],[-3.685751457272729,40.55964657454609],[-3.686658447844838,40.56239610404514],[-3.686968768694104,40.563148846234334],[-3.687922424106942,40.564953325366936],[-3.6889050358776436,40.56714672033311],[-3.688955493241701,40.56716530100088],[-3.688942718536382,40.56719838368356],[-3.6889375015472092,40.567235686066205],[-3.6889395951182684,40.56727741232208],[-3.6889476057347155,40.567344226172224],[-3.6889615898797925,40.56740315771793],[-3.6889850467793233,40.56746492909923],[-3.689044995316189,40.56761758445965],[-3.6891387193450016,40.56784734744278],[-3.689218884783066,40.56801771864747],[-3.689312370510186,40.56825994928921],[-3.6893762427278243,40.56839569221911],[-3.689422107644911,40.5684906686918],[-3.689480481319426,40.568551615370794],[-3.689531722762934,40.568615967580826],[-3.6895607499122214,40.56869066475917],[-3.6895620656068275,40.56881884330028],[-3.6895578374569373,40.5689867558653],[-3.6895573387031657,40.56908318106005],[-3.6895788139451007,40.56947555058432],[-3.6895887966079224,40.569645882751566],[-3.689599995919061,40.56976014762097],[-3.689590580564581,40.56985776023955],[-3.6895695244302282,40.56998040215397],[-3.6895306185802936,40.570103147003245],[-3.6894913226533435,40.570187325646266],[-3.6893965462623375,40.570358059605525],[-3.68944545097396,40.57034700852203],[-3.689548824354364,40.57032188215651],[-3.6897430267311653,40.57025584764127],[-3.6898768139750273,40.57019545727596],[-3.6900172889429137,40.570116104703935],[-3.6902343617851203,40.56996256981275],[-3.6903170162421914,40.569911330194486],[-3.690406536652907,40.56983467796936],[-3.6904841055064628,40.56975084682022],[-3.6905636212928132,40.56962532021156],[-3.690610035533314,40.569516304594714],[-3.690637381402208,40.56939651490928],[-3.6906616092919737,40.56926854223454],[-3.6906648809909113,40.569239978254814],[-3.6906660326657175,40.56922812748475],[-3.690672448234023,40.56918166311815],[-3.6907077633432577,40.56918458523691],[-3.690725218571913,40.56917280274715],[-3.6907264392669856,40.56917387019956],[-3.690832583952272,40.56928082862442],[-3.690968808721935,40.569450927265066],[-3.6910531014159615,40.56955296944655],[-3.691116172472882,40.56961485292691],[-3.6911710177876107,40.56965481129644],[-3.691232197096704,40.569688625567586],[-3.6912948550671785,40.56971022401908],[-3.6913494422280104,40.56972576907016],[-3.691495595710775,40.56977128337004],[-3.691574247973153,40.56979156703584],[-3.691635314474595,40.56981439282044],[-3.691673970526196,40.56983735816146],[-3.691717532706705,40.56987005966278],[-3.6917612206254447,40.56991496733225],[-3.691872313719216,40.57007162287958],[-3.6920664588164236,40.57032942809028],[-3.6921799133056474,40.57046425795282],[-3.692332201049567,40.57063913605924],[-3.692392123255981,40.57070592047244],[-3.6924246175875615,40.57075211836899],[-3.6924605134518536,40.57081782335974],[-3.6924884838275513,40.57089090451399],[-3.6925100833088202,40.570967684131176],[-3.692541545854288,40.57106882389002],[-3.6925566982158435,40.571140758471365],[-3.6925649930248055,40.57121961238729],[-3.6925890045283145,40.571410342545406],[-3.692626937583896,40.57156735664213],[-3.6926303383290406,40.57158219988331],[-3.692661234492803,40.571578987673114],[-3.6927198427546792,40.571538638036245],[-3.6927711605794604,40.57157733843026],[-3.6930045364516104,40.571707917662884],[-3.693026161366518,40.57171940388813],[-3.693030967604979,40.57172194796965],[-3.693035773853094,40.57172449295179],[-3.6930546665129427,40.571734523524164],[-3.6930566173962034,40.57173559017409],[-3.6930576404027637,40.57173615339319],[-3.6930834187998123,40.5717502362516],[-3.6931120322100717,40.57176393813845],[-3.6931566075779076,40.57179033674773],[-3.6932336277289233,40.57184451388844],[-3.693320204722162,40.571911191895914],[-3.6934327233903037,40.571999496512205],[-3.6935146376720214,40.57207223375611],[-3.693685253345988,40.572257224076125],[-3.6939274341131796,40.57252929580103],[-3.6940418545239946,40.57265729199337],[-3.6941874430325288,40.572824303489995],[-3.694539400432059,40.57323080028204],[-3.6947112914021703,40.57342647391879],[-3.69489699036092,40.57363202796688],[-3.6949365222739994,40.57367560807606],[-3.694951780571541,40.573689760102994],[-3.69497886183282,40.57370621752163],[-3.695033715307868,40.573729861727344],[-3.695491297223311,40.573922282522396],[-3.6961236549874013,40.57420027795041],[-3.696263324058378,40.5742706958296],[-3.6962995481269374,40.57430038671263],[-3.696384270132102,40.574347082130394],[-3.6964853692131814,40.57442358796715],[-3.696850145795295,40.574690165654296],[-3.6969244785397217,40.574745481703786],[-3.696979134185103,40.574786574417544],[-3.697011910867264,40.57481644803155],[-3.6970510992778425,40.5748711274181],[-3.697083740094245,40.574937876654694],[-3.697137658165014,40.57505688275174],[-3.6971909358666735,40.57517359273887],[-3.697219470591611,40.575237537050604],[-3.6972439705492293,40.575298513885215],[-3.697249237775037,40.575325506691804],[-3.6972548276127406,40.575354212826326],[-3.6972570539291745,40.57537530700711],[-3.6972773061151942,40.575489272207406],[-3.697299464418257,40.575622955167255],[-3.697302834313171,40.575656214232346],[-3.6973026569205194,40.57567998141751],[-3.697302216104583,40.57573982683148],[-3.697301922310058,40.575780262799775],[-3.697300922763601,40.57591602153033],[-3.6973003945269305,40.57600977929222],[-3.697333517003243,40.57604329928335],[-3.6974318218904894,40.57612298231647],[-3.6974976049828427,40.57617532984786],[-3.6976058412642456,40.57626075533049],[-3.697724955436914,40.576355810276326],[-3.6977812899743223,40.57640025273636],[-3.697851243342348,40.57646137826955],[-3.6979257574548368,40.576553205214886],[-3.6980657033384703,40.57673814894682],[-3.698131369065411,40.57682581400796],[-3.6981946301341755,40.57689388591645],[-3.6982554873207962,40.576929149667414],[-3.6983026638386574,40.57695497198676],[-3.69842284297301,40.57702292760303],[-3.6985103400553085,40.57707241629575],[-3.6986535817417927,40.57715732370071],[-3.6987325712402135,40.57720784473567],[-3.6988037713153363,40.57725815248341],[-3.6988476175105127,40.57729679622428],[-3.6989871719156446,40.5774491806827],[-3.6990634421716355,40.577530121728266],[-3.699116125875417,40.57757892785749],[-3.6992258143956627,40.57766485920679],[-3.6992538905953722,40.57768685810099],[-3.6992666542113994,40.57769624728074],[-3.699351187036143,40.5777584286471],[-3.699470683626397,40.57784523729449],[-3.699732644675746,40.578024006853624],[-3.699865206965463,40.578106227038774],[-3.699934097746192,40.57814814196246],[-3.7000274192227725,40.57820492645737],[-3.700111841663016,40.57823836987202],[-3.700156060987653,40.5782558915275],[-3.700260722876962,40.578295771460006],[-3.7002843000621555,40.57830538505591],[-3.7003655386214547,40.57830620782162],[-3.7006046407219877,40.57830813620341],[-3.7008792829173673,40.578307776436326],[-3.7010519355116336,40.57830853051085],[-3.70142676225848,40.5783118405646],[-3.70153395464404,40.57831337876284],[-3.7015907491592506,40.57831459325323],[-3.7015892612907906,40.578532949333976],[-3.701588596282416,40.578630795180615],[-3.701588616504725,40.57863929035036],[-3.7015733843975545,40.578639310792255],[-3.7010309044394463,40.57863813677546],[-3.7004011277367472,40.578633867112906],[-3.699427715270034,40.57863742100314],[-3.6987807832057515,40.57882111577778],[-3.6980617672788414,40.57902510785185],[-3.6974359032870674,40.579203264306],[-3.6969290216694284,40.57934696975557],[-3.696387613487081,40.579502111495465],[-3.695847924393754,40.579656576395195],[-3.6957247712484955,40.57967584117309],[-3.694930046470236,40.57978529811364],[-3.694416319005866,40.57985843090808],[-3.693784116129955,40.579968191110126],[-3.693501392688436,40.58001618500604],[-3.6933949869953455,40.58003386841226],[-3.692413456225498,40.580310127982806],[-3.691842555133845,40.58046900440865],[-3.691725599972237,40.58051795592293],[-3.691168144308435,40.580763178868445],[-3.6906943991108205,40.580976232711485],[-3.6905870074501124,40.58106026198458],[-3.689744089076921,40.58177863966611],[-3.689302644084419,40.582146626317005],[-3.688796732329129,40.582481816318165],[-3.6886020064306733,40.58261220210304],[-3.688462689282641,40.58260814705715],[-3.6882878348727792,40.58260127033872],[-3.6878340588298393,40.58259235915573],[-3.6876156356685246,40.582589904709735],[-3.6874526257878064,40.582588107446],[-3.6872490746957816,40.58258141975319],[-3.6858584997352097,40.58291632545669],[-3.6849019034660055,40.58336217987813],[-3.6842810937542914,40.583655500797725],[-3.6841656551694104,40.58372681350749],[-3.6839228710559,40.583878240399144],[-3.683620303533874,40.58406713411836],[-3.683408979288344,40.58419930933424],[-3.6831898034363393,40.58433589716127],[-3.6829669173357593,40.584472348854305],[-3.6826712380553404,40.58465135544759],[-3.682336029424808,40.58485692388109],[-3.6822164243413016,40.584930268208836],[-3.682191479113462,40.58494531607223],[-3.6813545529360394,40.58534570471899],[-3.680891832367095,40.58556720533925],[-3.680246293493704,40.58586934018714],[-3.679808991626307,40.58607626099747],[-3.679295302031081,40.58631638535189],[-3.6788250263189033,40.58653996620844],[-3.678581257606116,40.58665439574707],[-3.6783348132158644,40.58677191248047],[-3.678120856380802,40.586880472418315],[-3.677630196929649,40.587125816186344],[-3.6772554708085607,40.58730724010343],[-3.6768612075893325,40.5875047822996],[-3.676333102731948,40.587777555512154],[-3.675998390803877,40.58795142771437],[-3.6752737632035726,40.588306457534905],[-3.6745298584950494,40.58867120054439],[-3.6741735621168314,40.58884417009601],[-3.6741389726678286,40.588861281464844],[-3.674134623122704,40.58886343382414],[-3.669060062216575,40.591253356549856],[-3.668885671316507,40.59133408527693],[-3.6678988243694692,40.591792983486634],[-3.6674095356355405,40.59201512869133],[-3.667190311048956,40.592118879995574],[-3.6669953060680185,40.59213639228892],[-3.6669033976442056,40.592150698306384],[-3.6668115153612404,40.59216145373842],[-3.666610464121855,40.59218109933306],[-3.6660879528451873,40.59223528353295],[-3.665842417150808,40.592258058110026],[-3.6656056453380783,40.59228166812851],[-3.6654505240877984,40.59229724622063],[-3.6653496336242,40.59230761816377],[-3.665263553181303,40.592313583208146],[-3.6651291406871684,40.59232445792606],[-3.6650287316049646,40.59232414420174],[-3.664787683449353,40.59232864701343],[-3.664513071162528,40.59233584506143],[-3.6644763322078626,40.592336807747294],[-3.664148062355255,40.59233120941332],[-3.6638862440354223,40.59233041728977],[-3.663735114699758,40.59232786968676],[-3.662345271564215,40.592184528081084],[-3.6621291232120576,40.59213627215957],[-3.6617715969146554,40.59205355111208],[-3.661377289547408,40.59194942298361],[-3.6610461009134676,40.591862988603594],[-3.66085057163481,40.59181305375856],[-3.6603192230049144,40.59167112404979],[-3.6600927361016526,40.59145822568393],[-3.6596753417709693,40.591066546072035],[-3.65936564095383,40.590818716926194],[-3.6589694265285813,40.590507527135316],[-3.658798261995779,40.590403767323544],[-3.658549938900997,40.590251366405774],[-3.6582823679821406,40.590088637059836],[-3.6579435487737384,40.58988558240502],[-3.65773429251568,40.589758479980325],[-3.6576225542034826,40.589691549368],[-3.6574949633793263,40.58962161706572],[-3.657142632788401,40.58943961120815],[-3.6563039619228443,40.58899712091652],[-3.656214477305135,40.58887886011874],[-3.656213636938864,40.58887775500981],[-3.6561052840977677,40.58873614422276],[-3.6559850874469544,40.588576273106064],[-3.655800844732818,40.588327922589166],[-3.6556061587090842,40.58808820110343],[-3.6554633291274103,40.58791079343667],[-3.655285128627609,40.58768786392139],[-3.655197712821949,40.58749316446571],[-3.655105173112309,40.58728871314857],[-3.655039742723309,40.5871504848158],[-3.654992032942798,40.587043488547266],[-3.6549280077505157,40.58690631971853],[-3.654818565804391,40.586682846415805],[-3.654714184231995,40.586469037781065],[-3.6546613892711632,40.586373403248636],[-3.6545712697700017,40.58620717917845],[-3.6545089087174363,40.586093510918836],[-3.654461042088418,40.58594746847184],[-3.654437840383991,40.585865666725006],[-3.6544135576312584,40.585788968273825],[-3.654384581014903,40.58569574364493],[-3.6543303906423783,40.58553077794417],[-3.654296991228347,40.585435481995056],[-3.65426351003464,40.585331783992594],[-3.6542159817073765,40.58516783812518],[-3.6541579667654474,40.5849635327486],[-3.6541171832154675,40.584853865378264],[-3.654029362118859,40.58462713283814],[-3.653959649838224,40.58444767767647],[-3.6538894899216046,40.58425570727427],[-3.653713833840423,40.58378853580872],[-3.6536643992873876,40.58364736839383],[-3.653622266113291,40.58353338423384],[-3.6534269118032987,40.58299738387614],[-3.653426513578585,40.58299628885684],[-3.653376767249441,40.582858778832374],[-3.653294063889189,40.582631654543675],[-3.6532665481154534,40.58256148204657],[-3.6532100886091987,40.58240587608621],[-3.6531752288605213,40.58231074927059],[-3.6530555872033226,40.581993046540475],[-3.6529384319418456,40.581671492763256],[-3.652878954019297,40.58150496788907],[-3.6527893702273686,40.581259981573545],[-3.6527268609531465,40.581085781120514],[-3.6526058793413454,40.58088616202058],[-3.652532648274503,40.580765354146564],[-3.6524599051067574,40.58064900913189],[-3.652345446884895,40.580457005874884],[-3.652227250358147,40.58026653257921],[-3.652140816291468,40.58011648073032],[-3.6520208108878416,40.57990812683367],[-3.651929123497921,40.57972668625475],[-3.6518491837440528,40.57959796821032],[-3.651783579285424,40.579478668108564],[-3.6516275860832783,40.57921002088463],[-3.6514665754509834,40.57892851373117],[-3.651362959861113,40.57874659490359],[-3.651223896747605,40.57850171145789],[-3.6511267378243257,40.578331070165675],[-3.6509885692862234,40.57808358593527],[-3.6509462582341508,40.57801160074574],[-3.6509194475239886,40.577968491520856],[-3.6507906531012,40.57785825478037],[-3.6505263050185763,40.5776208400199],[-3.650317337483771,40.577423689464965],[-3.650290636674632,40.57741431566343],[-3.6498638753413477,40.57727402673713],[-3.6495947308750742,40.57718523623171],[-3.649473270074524,40.57717284740325],[-3.648672770593389,40.57708550947705],[-3.6481817247667983,40.57703194095768],[-3.647862793418193,40.57699676873363],[-3.6475521764183543,40.57696390032062],[-3.647028535944925,40.576946643950365],[-3.646491480257512,40.57692674052425],[-3.64598509323907,40.57691040446129],[-3.6454980415111926,40.57689109063047],[-3.6449112181698995,40.576871675053226],[-3.6447884948876266,40.57686670259599],[-3.644709905128386,40.57685110555152],[-3.6437790542084096,40.57665612923004],[-3.642647293558939,40.57642097947567],[-3.6422838351080298,40.57621939989202],[-3.642154159133363,40.57614302429009],[-3.641559233866235,40.57581171458575],[-3.6410929078850827,40.57563066871515],[-3.6406307006015406,40.5754510998797],[-3.6397271439718204,40.57510745610375],[-3.638458889916255,40.57492617209263],[-3.6371950175795726,40.57475870552972],[-3.636816722812938,40.57470989174491],[-3.636366130154286,40.57463590438469],[-3.635369287873231,40.5745440818086],[-3.6351309378801866,40.57451517604231],[-3.6346579831984114,40.57446568462278],[-3.6341741103042993,40.57446150700912],[-3.634009291195653,40.57445720281557],[-3.6337439443057975,40.574455696732876],[-3.6335457163961404,40.57445908941257],[-3.6333536853156634,40.57446599905368],[-3.6329066147065805,40.57449037500591],[-3.63264914374372,40.57449731677272],[-3.6324532617196135,40.574500550589306],[-3.6318330193330364,40.57467280781239],[-3.631446222011832,40.57477111804407],[-3.6311237442919833,40.57486280455581],[-3.630571750408009,40.57458383482442],[-3.630212288389518,40.574451455997455],[-3.6297762941085354,40.574296279373996],[-3.629073621419579,40.57393551470187],[-3.628726821089871,40.573754244367265],[-3.627983400800145,40.573597021197905],[-3.626287313433596,40.573520627141406],[-3.625050772990219,40.57361172628098],[-3.6250097127663126,40.57361475108682],[-3.6249896555201224,40.57363064216101],[-3.624239925609697,40.574224574774476],[-3.6239409909478306,40.57444831039269],[-3.6238176186544586,40.57453704783318],[-3.623616556641956,40.574685868194344],[-3.6234833081945106,40.57478128818297],[-3.6230009286256104,40.57513049700931],[-3.6226591334893903,40.57537193214198],[-3.622232235573847,40.57567822424715],[-3.6217028157108158,40.576180153477544],[-3.621506581075642,40.57637033068161],[-3.621395696495321,40.576481681639955],[-3.6205210430002728,40.577174505752474],[-3.6196841638904007,40.57783444287636],[-3.6191877525856992,40.578231096429995],[-3.618674700589929,40.5786314684133],[-3.618211466141552,40.579011598956065],[-3.6163682304621685,40.580492398337014],[-3.6149437209858593,40.58097807837554],[-3.6143465444003757,40.58116284927891],[-3.6133530267669496,40.58146698367231],[-3.6130707188034488,40.58155357146089],[-3.611908808969972,40.581901130243544],[-3.61082234630186,40.582520022964225],[-3.60984661667507,40.58312410948228],[-3.6097649353266084,40.583163421818625],[-3.609705515333597,40.58319464380008],[-3.609670145381644,40.583265758667075],[-3.60960031657099,40.58326810823377],[-3.609368523695286,40.58341800457377],[-3.609053285868387,40.58356606932509],[-3.608925063085919,40.58374168833941],[-3.6087896530375305,40.583933605090785],[-3.6085317723946915,40.583904457372796],[-3.6084929617663595,40.58389989075664],[-3.608453357939848,40.58390428486618],[-3.608419339889777,40.58391744033991],[-3.606453395132461,40.58509800229978],[-3.6064237382558684,40.58511659903271],[-3.6064048974277543,40.585140867680124],[-3.6063742368743292,40.58518061334707],[-3.606233889930599,40.585356517308355],[-3.6062037636174367,40.58540166541118],[-3.6061907038110435,40.58542756220599],[-3.606154536594597,40.58550278998161],[-3.606069523881416,40.585671439544335],[-3.6060056974775367,40.58579761847176],[-3.6058887925387473,40.5860289103955],[-3.605697484253696,40.58640246397874],[-3.6054230637784124,40.58695053907055],[-3.605375438860141,40.5870415352958],[-3.605229270076499,40.58732790567166],[-3.6051245247063517,40.5875364407758],[-3.605080403353347,40.58762462488672],[-3.6050175485605873,40.587754517879596],[-3.605007213704515,40.58776818431742],[-3.6049240889394625,40.587833421814786],[-3.6048896123273613,40.587858933324036],[-3.6048103588867826,40.587924466675254],[-3.6047501583747223,40.58797156099551],[-3.6046657396988593,40.588041451822136],[-3.60443880377963,40.58822315169698],[-3.6043983354134164,40.58825652486609],[-3.6043503788187907,40.588293342528125],[-3.604244373602258,40.588380228485384],[-3.6042251553649125,40.58839295035289],[-3.604073159201299,40.58845295030228],[-3.6038631037831803,40.588538919674654],[-3.6038064072680744,40.588558845344394],[-3.6034050917700187,40.588722599151176],[-3.6033813354002056,40.58874056969155],[-3.6033599236781995,40.58875540012264],[-3.602984872612971,40.58901447978301],[-3.6027432575187657,40.58937211832316],[-3.602539565058305,40.58966351858835],[-3.6022240554961744,40.59014149637324],[-3.6021481069437074,40.59035024612314],[-3.6021073983774765,40.59045961079179],[-3.6020670799328802,40.5905759894667],[-3.601966701442212,40.59085381078417],[-3.6019159490361994,40.59100092054894],[-3.6018880410640906,40.5912566438922],[-3.601876942758345,40.59133870884688],[-3.6018586187173356,40.59147476606405],[-3.6018361419257574,40.591655510550325],[-3.601818489792566,40.59179838211401],[-3.601807097277439,40.591882448541384],[-3.6017808430339273,40.592098888437654],[-3.6018064584301697,40.59220399399057],[-3.6018504009408536,40.592391479612104],[-3.6019089455811817,40.592417763126015],[-3.6019842826579946,40.59244924005421],[-3.6027768243921106,40.592783920660644],[-3.60309223573995,40.59291373155918],[-3.603297414566292,40.5929937185637],[-3.6033698400177125,40.59302981779053],[-3.6034047872766837,40.59305314819882],[-3.603525376268541,40.59316739928979],[-3.6036110932242824,40.59323196788809],[-3.603736123550177,40.59332921125737],[-3.6037946885174343,40.59337702472992],[-3.603844273210951,40.59341342232437],[-3.603928442498358,40.593487301258946],[-3.603986022256702,40.59353092708921],[-3.604050954826777,40.59358133499961],[-3.604069060893162,40.59359587960832],[-3.6040974540817126,40.593621535016645],[-3.6041485358012695,40.593667706401504],[-3.6041879706784754,40.59370334614107],[-3.604258094860227,40.593778786549045],[-3.604302614680711,40.59382474264774],[-3.6044296994436777,40.5939531674645],[-3.6045739341568943,40.594096445266196],[-3.6045962659852435,40.59411839722722],[-3.604739944086642,40.59426343444499],[-3.604771084620717,40.594298694892956],[-3.604772795695512,40.59434825233289],[-3.6047845628406976,40.59445132342356],[-3.604788665108351,40.594514823868145],[-3.6047929926681324,40.59455951997282],[-3.604818759728864,40.59486705435444],[-3.6048212830036253,40.5949235884516],[-3.6048234515748967,40.594963711280826],[-3.604827671923351,40.595012372712944],[-3.604830329067264,40.59504481028235],[-3.6048343267971474,40.59512410999048],[-3.604830114042463,40.59517465157215],[-3.604730232723894,40.5957905671153],[-3.6049856392120283,40.59614856252036],[-3.6050180393451514,40.59619220437872],[-3.60506895345029,40.59626039460132],[-3.605120002578524,40.59633044080545],[-3.60516950150511,40.59640156625351],[-3.6051968873223466,40.59644127947056],[-3.6052117932599947,40.59645993965908],[-3.6053409370771647,40.59648766493737],[-3.605377851017122,40.596495921721036],[-3.606339093688186,40.596708868198085],[-3.606842533440313,40.59682041797238],[-3.6069311090383884,40.596837428735505],[-3.606978432428002,40.596878143039326],[-3.607084346583937,40.59695701873435],[-3.607150410101757,40.597009010771075],[-3.6075659568657015,40.59733201065244],[-3.6076735173947583,40.59741438876498],[-3.607706205211516,40.59743889817404],[-3.60790542612894,40.597594497399065],[-3.6079962790751723,40.597682320664745],[-3.608059386011225,40.59774959853585],[-3.6081409941259244,40.59783591813781],[-3.608208042123819,40.59790480486541],[-3.6087429085835567,40.59845430888652],[-3.6105776592067986,40.59876536091327],[-3.61163239650814,40.59946878382646],[-3.612956597039172,40.599908617040775],[-3.6142758923577882,40.60058629300621],[-3.6153073661194726,40.60071487417174],[-3.6163650193602255,40.60152253711814],[-3.6164855316943587,40.60207180802427],[-3.6160968154952826,40.603048145739315],[-3.6163975591199633,40.60376268506787],[-3.6164499826701655,40.603865653999314],[-3.61687422812562,40.604628242310206],[-3.6171107914023293,40.60516120089051],[-3.617160203292189,40.60603659169564],[-3.6167999476979076,40.60697141797529],[-3.6173062366959883,40.60760729101237],[-3.618391405175994,40.608959333984636],[-3.618152484664572,40.609447896424115],[-3.617964511714253,40.609868909166536],[-3.617838651107323,40.610138005988425],[-3.6178198936238233,40.61017290900315],[-3.617949565379614,40.61076650750754],[-3.617987928968757,40.611019628784305],[-3.618011037157967,40.61126499043735],[-3.618279998396213,40.61135390886718],[-3.618622521500755,40.61147506423224],[-3.619247596758763,40.611690241045174],[-3.6197112293075566,40.61185082195574],[-3.6198725993584735,40.61190428514978],[-3.620022032241174,40.61206257783447],[-3.6201373816994606,40.6121868740769],[-3.620211548529181,40.61227217080028],[-3.6203136494294497,40.612376914212874],[-3.6204838039054033,40.61256347529807],[-3.620552032470839,40.61266665186136],[-3.6206158021257258,40.612778505259925],[-3.621267818045143,40.613963777228626],[-3.621364364963989,40.614154046300854],[-3.6213984894660682,40.61422246442389],[-3.6214766843962125,40.614357914722454],[-3.6217394326578134,40.61486716397897],[-3.621774540196929,40.61492294640716],[-3.622007189156676,40.615196809502265],[-3.6226008804542285,40.61590876280947],[-3.623182834507511,40.616169950126654],[-3.6235321052100424,40.616329673998266],[-3.6235905347375477,40.6163565550688],[-3.6236789640965665,40.616397321465904],[-3.623899700440317,40.61649497964051],[-3.6239157174477374,40.616501009160025],[-3.6240131221584813,40.61651645634772],[-3.624150563424326,40.61653431945239],[-3.624795555339356,40.61662107989561],[-3.6251511838962043,40.61666751266892],[-3.625365815887968,40.61669593724808],[-3.625690284749463,40.616739088524966],[-3.625804064567639,40.616755760764015],[-3.6259230781730847,40.616771303656],[-3.626126061559521,40.616797725143385],[-3.6268055335131284,40.61688859540036],[-3.626939354216125,40.616905724402],[-3.6274084579328254,40.61716509753253],[-3.627826275888131,40.61739618078198],[-3.628236587152423,40.61762069091305],[-3.628282176845896,40.617645009785825],[-3.628362688374093,40.61776763135522],[-3.6285372772602575,40.618032304440014],[-3.628597898860501,40.61812530519326],[-3.6286001717482117,40.61814202207766],[-3.6286019434056738,40.61815546340469],[-3.6286020942502546,40.61836452782085],[-3.6286346392935456,40.61890562356908],[-3.628656830137901,40.61941386664945],[-3.6287718684293715,40.61957201063503],[-3.629056556801508,40.61996659313989],[-3.6293883624364938,40.620427979278254],[-3.6294932149165935,40.62057625037804],[-3.6291624941834963,40.62147433295833],[-3.628965692484645,40.62202286652496],[-3.6288451791057126,40.622358035586984],[-3.629400166599134,40.623786492999294],[-3.6296102861796657,40.6243261876305],[-3.6300533316689787,40.625429495488035],[-3.6302118725185824,40.62581169114225],[-3.6300541317667614,40.626090867867475],[-3.6298635939693007,40.62643332947186],[-3.62965395777249,40.626809677649305],[-3.6296744256309865,40.62702628930264],[-3.629703319260508,40.62735203010857],[-3.629891651282632,40.6277420561799],[-3.6301460391508424,40.62828487724533],[-3.630703398931334,40.628714199998996],[-3.6311023674302327,40.62903165938702],[-3.631640479905646,40.629521441244485],[-3.6319069977383878,40.629764292010506],[-3.6319961353183565,40.62984916109484],[-3.6323762629342555,40.63019108772534],[-3.632777223116107,40.63055616848801],[-3.6329294975217694,40.63069251000418],[-3.633079321173265,40.63094364501199],[-3.6332753456706133,40.63127498345736],[-3.633885114178472,40.63230114685102],[-3.634450022268786,40.63324199737913],[-3.634555018151692,40.63341831588664],[-3.6345736869814127,40.633449239363614],[-3.634582488622571,40.6334646319587],[-3.634608464501838,40.63349421802012],[-3.6346862418168873,40.63357083322895],[-3.6348872952388946,40.63377101908904],[-3.6350224600223626,40.63390127182208],[-3.6351166772505534,40.633989336511256],[-3.635276831656528,40.63413604377538],[-3.6355321472108173,40.634374272014234],[-3.635767477240374,40.63459824979462],[-3.635898074053804,40.63473501200739],[-3.635970701493664,40.634820916557416],[-3.6361841336737304,40.63506988624698],[-3.6362207909663664,40.63512707077817],[-3.6363207728163065,40.63545078805931],[-3.6363721405253058,40.63561376110965],[-3.6364665709529,40.635929293770914],[-3.6365528909022617,40.6362225113914],[-3.6366059256762098,40.636435122197724],[-3.6366909536434844,40.63677643446942],[-3.6366919936623323,40.63678047545353],[-3.6367013133781643,40.63678146727979],[-3.6367261608903134,40.63678415992034],[-3.6368299583888364,40.636794560188775],[-3.6368896343591435,40.636860931664515],[-3.6370246038540923,40.63701311027122],[-3.637265153986772,40.637285970729316],[-3.6375558743297276,40.63762383449117],[-3.6375791265087463,40.637650227790004],[-3.63761503263354,40.63769132641988],[-3.6376343486610576,40.63770224644051],[-3.637690310510892,40.63773580030873],[-3.637804006519062,40.63780198108657],[-3.638387800325325,40.63814611351106],[-3.638549451485229,40.63824331571862],[-3.638824016828676,40.6384025757906],[-3.6399475344923795,40.63843845285887],[-3.6400083979257825,40.638440466834574],[-3.6401097137809693,40.6384435529099],[-3.6401740398010918,40.63843144986052],[-3.640433638572989,40.63838781361389],[-3.6408839158271817,40.638306795567],[-3.64136774467403,40.6382273001822],[-3.642025155855311,40.63811376774075],[-3.642451349883381,40.638045238340005],[-3.6444743997166653,40.63809516196147]]]},"properties":{"OBJECTID":410,"AMBITO_GEOGRAFICO":"Madrid ZBE desde 1 de Enero de 2024. Limitaciones de circulación a vehículos sin distintivo ambiental (categoría A)","SHAPE.STArea()":604455106.8438957,"SHAPE.STLength()":174177.9327533142,"_zbe":"zbe_madrid"}},{"type":"Feature","id":403,"geometry":{"type":"Polygon","coordinates":[[[-3.7167703913713486,40.41374325044242],[-3.71687435187163,40.413538742060034],[-3.7170127863059546,40.413255900572516],[-3.717054325019412,40.41317185885375],[-3.7170889548805297,40.41310317534409],[-3.7170924140375923,40.41309594665451],[-3.7170949533024746,40.41309088584078],[-3.7171076515338464,40.41306576194025],[-3.7171443586881665,40.412992921368605],[-3.717262074447259,40.412757055101814],[-3.717332444845409,40.41261337471712],[-3.71733934392549,40.41259711563273],[-3.717373857268436,40.41252861293618],[-3.717373973209486,40.41252843203591],[-3.7173761646093615,40.41252391391668],[-3.7173826669315475,40.41251058342899],[-3.717413192221547,40.412448008190744],[-3.717489349434738,40.41229438184777],[-3.7175655063059256,40.41214075545354],[-3.7176359916033532,40.411999800296094],[-3.7176405225808495,40.411990739703754],[-3.717714379136969,40.41184253291038],[-3.7178182325141673,40.41163069813538],[-3.7178308932791966,40.41160487167748],[-3.7179128263588406,40.41144039832251],[-3.717960140591852,40.41134550954006],[-3.7180082567993105,40.411247799528766],[-3.7180224403512327,40.41121899601195],[-3.7179926805257115,40.411191252778664],[-3.7179911920823243,40.41113770323972],[-3.717991191785519,40.41113767531351],[-3.717989901535266,40.41109168403442],[-3.717988877757921,40.41105523978884],[-3.7180121417273972,40.41102626636942],[-3.717988803297095,40.410987907536125],[-3.717938969300124,40.41090599952672],[-3.7178681924527583,40.41078932137969],[-3.7178214263875353,40.41071393573703],[-3.7178190406477793,40.41071124783455],[-3.7177962564842035,40.410674452192],[-3.71771233468971,40.410540738359394],[-3.717649999564237,40.410442025763004],[-3.7175936049944402,40.41034778078516],[-3.717590484424035,40.410342484814535],[-3.717508419402243,40.410205966495454],[-3.7174376823124256,40.41009289144],[-3.717399575034003,40.41003171050752],[-3.717280611014637,40.409840711711034],[-3.717201510470583,40.40971687752776],[-3.717199105664415,40.40971238792034],[-3.717119986298166,40.409586751984726],[-3.7170854519855108,40.409531913674606],[-3.7170408672288464,40.40946111598974],[-3.7170037125871254,40.40940278758197],[-3.716974950831599,40.409357920691356],[-3.7169677364984266,40.40934445185327],[-3.716894615581968,40.40922868851175],[-3.716864646812702,40.40918112636097],[-3.7168191092755407,40.409110237194824],[-3.716747167354046,40.40899446644476],[-3.7166607685744446,40.408849055389766],[-3.71663330998687,40.4088158920972],[-3.7166077918222515,40.40879244204156],[-3.716601175732192,40.408786361397226],[-3.7165619993002768,40.408759577047434],[-3.716518166311943,40.40873822697198],[-3.7164872193526555,40.408725181751336],[-3.716337037767048,40.408661871466656],[-3.7161570976530163,40.408586409219595],[-3.716131047063234,40.40857485880717],[-3.7157794556351944,40.40842748569262],[-3.7157279639914713,40.408406272818056],[-3.715721217115706,40.408403521776854],[-3.715574673448818,40.408343167268775],[-3.715434344346281,40.40828357502459],[-3.715413666854153,40.40827479391799],[-3.7153189600489798,40.40823483914821],[-3.7152455897697183,40.40820646408029],[-3.715178130965431,40.408179854210594],[-3.7151284445859187,40.40816214343105],[-3.7150964733891314,40.40814792668742],[-3.71482579687095,40.408039870192695],[-3.714825441424892,40.40803969220917],[-3.714812421112101,40.40803436727442],[-3.714784476649481,40.4080226679038],[-3.714608539002263,40.40794901092761],[-3.714517658808856,40.40791096338716],[-3.714506778833344,40.40790742700143],[-3.714445960817032,40.40788764416543],[-3.714180615784312,40.40780133349268],[-3.713788936395225,40.407651499179984],[-3.7137619476045427,40.40764031438412],[-3.713737184213679,40.407630051885135],[-3.713698973794121,40.40761421650222],[-3.713673314134188,40.40763960023815],[-3.7136365440137045,40.40761730456121],[-3.7135489955413066,40.40758541229791],[-3.7130061224438076,40.407358293492535],[-3.712965967029449,40.407341494179455],[-3.7129399504181047,40.407330609503525],[-3.712700239643702,40.40723028502643],[-3.7126676480246723,40.407215929087855],[-3.7126534703246956,40.40720967229879],[-3.7126610181404147,40.40719899509236],[-3.7126737958203098,40.40718134867778],[-3.7126738155119097,40.40718131612381],[-3.7126875029514173,40.40716243526504],[-3.7126970275166706,40.40714922333639],[-3.71266682053964,40.407136473427215],[-3.712642493495746,40.40712620529976],[-3.712603625869308,40.407109798825196],[-3.712556037448401,40.407089731648995],[-3.7124301774428057,40.40703682497486],[-3.7124081841261662,40.40702757936021],[-3.7122727427989655,40.406970745942644],[-3.712165276307589,40.40692565183293],[-3.712139470317016,40.40691481973243],[-3.7121016703162493,40.406968825790564],[-3.712076774085997,40.40700439551679],[-3.712024790937338,40.407075113306114],[-3.712021074134485,40.40708017135556],[-3.7119533959215634,40.40715106594439],[-3.7119529727855674,40.40715150909266],[-3.7119392331274947,40.407165900974555],[-3.711938806484452,40.40716634684709],[-3.7119234965980117,40.40718237633187],[-3.7118582682434043,40.40722406644277],[-3.711858236633991,40.407224086457305],[-3.71178329891564,40.40727198858697],[-3.7117825951169365,40.40727107309516],[-3.7117720080159815,40.40727294008089],[-3.7117614114244013,40.4072739062186],[-3.7117543596830758,40.40727575143926],[-3.7117449415443557,40.407276710321085],[-3.711735532895041,40.40727857004918],[-3.711726114755651,40.407279528929465],[-3.711715518162322,40.407280495063],[-3.711707278476036,40.40728144668774],[-3.7116966723929576,40.407281511972506],[-3.7116896111599527,40.40728245634219],[-3.711681361984075,40.40728250711805],[-3.7116719438433035,40.407283465993935],[-3.711664873120986,40.407283509515054],[-3.711654267037497,40.40728357479594],[-3.711644839407685,40.40728363282255],[-3.7116354117778565,40.40728369084841],[-3.71162362724053,40.40728376337964],[-3.71161419961064,40.407283821403766],[-3.7116047719807232,40.40728387942713],[-3.711594156409239,40.40728304385541],[-3.7115847287793886,40.407283101877134],[-3.7115764796032438,40.40728315264552],[-3.7115670424859153,40.40728230981871],[-3.711530472472518,40.407278931251724],[-3.7115104102999803,40.40727635199465],[-3.711249194415536,40.40720408490751],[-3.711204204606136,40.4071845417323],[-3.7111804933302386,40.407171173997895],[-3.7111579605153553,40.40715779901023],[-3.7111354182277316,40.40714352317087],[-3.7111128759496146,40.40712924732701],[-3.711091502650907,40.40711406338382],[-3.7110701198810587,40.40709797858939],[-3.7110499155717473,40.407081886543665],[-3.711030880241951,40.40706488640008],[-3.7110118449217397,40.40704788625327],[-3.711002313045515,40.407038034907764],[-3.711006657193279,40.40703647665463],[-3.7109310440347314,40.406903292268844],[-3.7109297293047065,40.40689919582709],[-3.710912517077643,40.40684555453491],[-3.710910476119557,40.40683919317708],[-3.7109234817292185,40.40679915354494],[-3.7109311951457546,40.4067754077968],[-3.71094063218501,40.40677625067624],[-3.7109488907794237,40.40677710080101],[-3.7109583183399764,40.40677704283173],[-3.7109677364212317,40.40677608401442],[-3.710975976057186,40.406775132442725],[-3.7109853751789035,40.406772371929414],[-3.7109935958549176,40.406769618661954],[-3.7110018070505397,40.40676596454663],[-3.711008839800463,40.40676231767746],[-3.71101585358983,40.40675686911332],[-3.7110216984134325,40.406752328642895],[-3.711026345831628,40.406745993724556],[-3.711031002729065,40.40674055965328],[-3.711034471701293,40.406734231981545],[-3.7110379311926907,40.40672700346245],[-3.7110459208812485,40.406700174009565],[-3.7110572821520793,40.406662019258356],[-3.711055643126566,40.40666171131837],[-3.7109273880122498,40.40663759265336],[-3.7109132182650195,40.40663497706106],[-3.71078686903048,40.406611429407285],[-3.710652251839189,40.406586130621605],[-3.7106345420502373,40.40658308630039],[-3.7105719662118997,40.40657220956393],[-3.7105713760437142,40.40657212310032],[-3.7105507163685907,40.40656873653278],[-3.7105501262004488,40.40656865006905],[-3.7103673481290165,40.40653451803319],[-3.7101582210976036,40.406495464637175],[-3.710120892573381,40.406488493866156],[-3.710111446115868,40.40648675007186],[-3.710081165248877,40.4064812486243],[-3.710034696032926,40.40647280692627],[-3.709654471937888,40.40640216788336],[-3.7096403022871716,40.40639955213412],[-3.7096355885318917,40.4063995810649],[-3.7078703394609382,40.40607796759306],[-3.707834920389976,40.40607187809075],[-3.707778848724954,40.4060614744383],[-3.7077782087306863,40.406061355832804],[-3.707709416288859,40.406048592164204],[-3.707590494064503,40.406026527089615],[-3.7075350039549035,40.40601695670112],[-3.7075338160889912,40.40601606306428],[-3.7074688796707704,40.4060047486369],[-3.707398032249423,40.40599166852589],[-3.7073245800447947,40.40597743312862],[-3.7073212738337933,40.405976822720284],[-3.7069926620164315,40.40591630966316],[-3.7068886480910406,40.40589838696274],[-3.706559782152188,40.40584291389347],[-3.706527860240018,40.40583752874923],[-3.706402105058018,40.40581415284415],[-3.7062451242134333,40.40578490444096],[-3.7061886156746415,40.40577437565636],[-3.7051803309716,40.40558656448457],[-3.7051552975775763,40.405581852267],[-3.7049916397394167,40.405551408637855],[-3.704962122716228,40.40554618317279],[-3.704939404061232,40.405542048690464],[-3.70464554957685,40.405488575631075],[-3.703775709986144,40.4053302833171],[-3.703702275403489,40.40531691938486],[-3.703273627026885,40.405234842239715],[-3.70326201159402,40.40525112919789],[-3.703249217734898,40.405267423322364],[-3.7032352454486466,40.405283724612694],[-3.703221263780184,40.40529912505236],[-3.7032061036838457,40.40531453265733],[-3.70319093420551,40.40532903941131],[-3.703174586298622,40.405343553330034],[-3.7031570505877576,40.405357173563914],[-3.7031348386771903,40.4053744258564],[-3.7030958465490538,40.40539862707041],[-3.7029842321791526,40.40546806017717],[-3.702982501555609,40.40546913647105],[-3.702954823824808,40.40548209761161],[-3.702918115321734,40.40549925781496],[-3.7029313582087564,40.40552611439537],[-3.702868647309409,40.40553682271383],[-3.7028329149925687,40.40554292193831],[-3.702729015705711,40.4055606778787],[-3.702689033539704,40.40556902902685],[-3.702673600697495,40.40557148589367],[-3.7026478542014716,40.40557558562445],[-3.7026066654876435,40.40558124135836],[-3.702565467399864,40.40558599622857],[-3.7025501572228916,40.4055869901631],[-3.7024606342732107,40.40559113771088],[-3.702355726216781,40.405589072305226],[-3.702314443833722,40.40558571944395],[-3.7022731520915966,40.40558146571875],[-3.7021847381542154,40.405561236809135],[-3.7020540390873844,40.40552189511072],[-3.7019490466145157,40.40546631602954],[-3.701840855554772,40.40537508038779],[-3.701804427366602,40.40538521146955],[-3.701587055136963,40.405447792268674],[-3.7014202145186164,40.40549655253396],[-3.701394363974705,40.405503916599606],[-3.701180526253179,40.40556647519381],[-3.700961890311096,40.405620954327404],[-3.700953669355111,40.40562370688441],[-3.700833942330405,40.405656476980674],[-3.7004824273709263,40.40575268962042],[-3.700333177609609,40.40579323359143],[-3.7002755578937885,40.4058088997854],[-3.7001874536255874,40.40583285511262],[-3.7000711156002444,40.40586509128087],[-3.6999618200608073,40.40589458198036],[-3.699959472528078,40.40589549709789],[-3.6996515907173317,40.40598114480206],[-3.6996504122832783,40.40598115193291],[-3.6995399565862033,40.40601245106618],[-3.699367155611482,40.40605493808937],[-3.699155633809445,40.4061138753084],[-3.698911189927874,40.40618021839879],[-3.698747834257042,40.406224449214285],[-3.6986080098988636,40.406264933998564],[-3.698454072027743,40.40630820658943],[-3.698294241752612,40.406351514562246],[-3.698134420577872,40.406395723165296],[-3.698083868581601,40.406407740166564],[-3.6978347646081806,40.40647951455426],[-3.6976796286921103,40.40652099153333],[-3.6973176627315225,40.40661957204653],[-3.696989787044361,40.40670983777759],[-3.696688940487277,40.406792732469626],[-3.696624302266962,40.40681023914527],[-3.696623831816057,40.40681033207035],[-3.696618425810125,40.406811806090815],[-3.696542479010856,40.40683256825899],[-3.6962400075857786,40.40691525715658],[-3.6961230180974685,40.40694731129445],[-3.695974410677516,40.406988027757976],[-3.6957088224654426,40.407061698603286],[-3.695650769157877,40.40707781375401],[-3.6953569416854166,40.407160547435225],[-3.695276365797539,40.407182318599084],[-3.6952563876633184,40.40718784416832],[-3.695250513922003,40.40718968129987],[-3.695199979341139,40.40720349874828],[-3.695192927140372,40.40720534296256],[-3.6948613576178135,40.40729658974116],[-3.694731071980415,40.40733244401971],[-3.6947251982119185,40.40733428112472],[-3.6946746634126035,40.407348098344976],[-3.6946664327228294,40.40734994960768],[-3.6946488114064127,40.407355460912086],[-3.6946429283718185,40.40735639716263],[-3.6944678194247924,40.40740429616991],[-3.6944595887223053,40.40740614741799],[-3.6942880056390703,40.4074531240698],[-3.6942797841825463,40.407455876155545],[-3.694159905084984,40.40748812764246],[-3.6940334362921474,40.40756726567097],[-3.693843633180045,40.40768639557813],[-3.6937678220595664,40.40773397868424],[-3.6933320111144408,40.40800751239128],[-3.693311048231931,40.40803196255383],[-3.6933040328685296,40.40803741005573],[-3.693243011163821,40.408063001309415],[-3.693159269328961,40.408171521994056],[-3.6931499810946717,40.40818518135615],[-3.693056987655022,40.40831096473024],[-3.693029101568842,40.40834987083353],[-3.6928934497145556,40.408536072250385],[-3.6928920016258475,40.40853806021857],[-3.6928280426155142,40.40862585207903],[-3.6927257678922785,40.40876610528807],[-3.692611837172179,40.40891904090944],[-3.6926074480797344,40.4089248906566],[-3.6925968770271234,40.408938977479565],[-3.692479756954361,40.40909505821549],[-3.6924360180182423,40.409153346608534],[-3.6925925455903914,40.409646908132345],[-3.6926068868740844,40.4096921287713],[-3.692634808276803,40.4097801691844],[-3.692668859271845,40.409882668439835],[-3.6926725148561372,40.409894358313146],[-3.692674954991854,40.409902451845355],[-3.692717112164873,40.41003688467021],[-3.6927270537762817,40.410067373014634],[-3.6927386077061652,40.41010280487694],[-3.692754347628987,40.410151076589166],[-3.6927905803657666,40.410259418615574],[-3.6928064183443317,40.41030977442723],[-3.692813257773952,40.41033001192839],[-3.692827081258558,40.410370912190984],[-3.6928441439989186,40.410425765185124],[-3.6928568613161046,40.41046521891131],[-3.6928624037600075,40.41048241281405],[-3.6928721367685076,40.41051208437118],[-3.6928767694208746,40.410527101731894],[-3.6928777103850483,40.410526915911895],[-3.692927111336322,40.41067806207673],[-3.692925935590662,40.41067833939475],[-3.6929264236297454,40.41067995809981],[-3.6929404191887802,40.41072302759621],[-3.6929438304240922,40.41072237651794],[-3.6929460081230125,40.41072785899001],[-3.6929487732335256,40.410733157760404],[-3.692952126679805,40.41073836291406],[-3.69295618723788,40.410743563829634],[-3.692957493406962,40.41074485600794],[-3.69296071181175,40.41074804123962],[-3.692965233614056,40.41075224839442],[-3.6929699837282466,40.4107557334562],[-3.6929765099381524,40.41076001868762],[-3.6929832635360076,40.410763491740845],[-3.6929896561860884,40.4107662462327],[-3.6929966343999103,40.41076863685226],[-3.6930039624735764,40.41077066501222],[-3.6930041981774235,40.410770663599465],[-3.6929923694317557,40.41081244642258],[-3.6929827923679523,40.41084394542595],[-3.6929756195309973,40.41085705154657],[-3.6930358069498075,40.411025610571635],[-3.6930509737841524,40.411067952306674],[-3.6930561902332717,40.411082425615895],[-3.6930589917726366,40.41109035390794],[-3.693059588990901,40.41109204493119],[-3.6930816888742846,40.4111663722913],[-3.693087665504116,40.41118647170094],[-3.6931437633125705,40.41136992011342],[-3.6931523088042684,40.41139869785569],[-3.693187162371678,40.41149884976091],[-3.6932033508110536,40.41154884304286],[-3.693203360055038,40.41154974389281],[-3.693218838799429,40.41159742069487],[-3.693277812341485,40.41177906979504],[-3.69328130049761,40.411789813797235],[-3.6932824700983375,40.41179341490993],[-3.6933182055824454,40.411904008377846],[-3.6933530720433714,40.412011911535146],[-3.693387626304557,40.412117290413555],[-3.693407597879564,40.412178025889965],[-3.6934082378038964,40.412179971611124],[-3.6934236374659815,40.41222680470602],[-3.693493514831846,40.41244305601244],[-3.6934942403392887,40.412445301221155],[-3.693508115319627,40.41248745964129],[-3.6935161385951942,40.412511836858116],[-3.6935258805188735,40.41254231910982],[-3.6936414202303705,40.412821176883384],[-3.6937084217823495,40.412987262169146],[-3.6937145354806247,40.412985784038824],[-3.693725071100941,40.413013198431244],[-3.6937419036151957,40.41305697151318],[-3.6937674278347665,40.4131233961482],[-3.693786101483645,40.413171994233686],[-3.6938093563765237,40.413232513528804],[-3.693805241587319,40.41323352921654],[-3.6938137228383945,40.41325600094935],[-3.693881387980831,40.4134177577941],[-3.693904164325659,40.413472521354066],[-3.6939408697681277,40.41356077623689],[-3.69394323356281,40.41356645847198],[-3.693953238653961,40.41359051384712],[-3.693953897289602,40.413592098189504],[-3.6939720107938014,40.41363433200572],[-3.693981707741981,40.413660400047625],[-3.694005370227607,40.4137179961169],[-3.6940491629809533,40.41382459048452],[-3.6941018816998104,40.41395400432416],[-3.694193252917745,40.41417444773748],[-3.694210141861938,40.41421218433928],[-3.69421256382813,40.4142184761315],[-3.6942282464390535,40.41425351725879],[-3.694242750486159,40.41428856546055],[-3.6942560204140427,40.41431821564128],[-3.69426689615472,40.414344276577374],[-3.6942898262438173,40.41439639136853],[-3.69430070201051,40.41442245230089],[-3.6943139905103646,40.41445390417244],[-3.694405292977375,40.41465605944036],[-3.6944311799691505,40.414663291379014],[-3.6944943249043973,40.414683182455875],[-3.6945709928482082,40.41471146076533],[-3.6945772162239154,40.41471456032909],[-3.694621936137698,40.41473683050165],[-3.694672555535545,40.41476508505686],[-3.694699836327,40.41478176806137],[-3.694703533498038,40.41478598009922],[-3.694710893560464,40.41479107103266],[-3.694720508694192,40.414797679953665],[-3.6947407329856836,40.41480440530546],[-3.6947566698839673,40.41480683207392],[-3.6947637395662216,40.41480660941043],[-3.6947728109968976,40.41480619453657],[-3.6947898634757617,40.41480248844383],[-3.694802770504891,40.41479682527005],[-3.694854952466316,40.41476625658479],[-3.69485543516272,40.41476597350239],[-3.694900506476189,40.414809556863],[-3.694943948027559,40.4148515626073],[-3.694946557608451,40.41485316855052],[-3.6949440444176456,40.41486093143801],[-3.694941687237373,40.41486094560629],[-3.6949381607351675,40.41486186770778],[-3.694934634232853,40.41486278980912],[-3.694931116998561,40.41486461275947],[-3.6949275904960155,40.41486553486061],[-3.694924073261389,40.41486735781076],[-3.694920546758603,40.414868279911694],[-3.69491702952363,40.414870102861606],[-3.6949135122884766,40.414871925811454],[-3.6949111736434945,40.41487374167733],[-3.694907656407994,40.414875564627],[-3.6949041484400538,40.414878288425626],[-3.6949006497395405,40.41488191307331],[-3.694897151038652,40.41488553772085],[-3.694893652337377,40.4148891623683],[-3.69489133222645,40.414892779932],[-3.6948901907060283,40.414896390412075],[-3.694889058453057,40.41490090174125],[-3.694887926199929,40.41490541307038],[-3.694887963270115,40.414909016466815],[-3.694888009607857,40.41491352071236],[-3.694889234536762,40.41491801787429],[-3.694889262339465,40.41492072042163],[-3.694890468733407,40.41492341588531],[-3.694891675127458,40.414926111349004],[-3.694892881521594,40.41492880681266],[-3.694895266507215,40.41493149519267],[-3.694896472901593,40.4149341906563],[-3.694898857887548,40.414936879036205],[-3.694900055014451,40.4149386736507],[-3.6949024400007078,40.41494136203053],[-3.6949048157193722,40.41494314956122],[-3.694907549649558,40.41494538539126],[-3.6949043989626325,40.41494846740441],[-3.694899698497512,40.41494984701302],[-3.694910748057308,40.414981312269],[-3.694992721312366,40.4152158656021],[-3.69500364753945,40.41524679104608],[-3.695007062689546,40.415246500245324],[-3.6950187827069647,40.415251474859225],[-3.695016462590594,40.41525509242527],[-3.695015311801671,40.41525780205732],[-3.6950141702820134,40.41526141253836],[-3.6950130287622374,40.41526502301941],[-3.695013065839567,40.41526862641554],[-3.695011924319605,40.41527223689656],[-3.6950119706662075,40.415276741141696],[-3.6950131863409403,40.4152803374529],[-3.6950144020157913,40.41528393376406],[-3.6950156176907756,40.415287530075204],[-3.6950168240965136,40.41529022553733],[-3.6950180397717443,40.415293821848465],[-3.6950204340448436,40.415297411074555],[-3.6950240069159914,40.415300993215595],[-3.695026391920144,40.415303681592555],[-3.6950299647919413,40.4153072637334],[-3.695033528394497,40.41530994502509],[-3.6950382613256507,40.4153117183825],[-3.695041824928771,40.41531439967391],[-3.695046557860452,40.415316173030966],[-3.6950512907923683,40.415317946387816],[-3.6950560144546185,40.41531881889545],[-3.6950630953132,40.41531967723204],[-3.6950666403775987,40.415320556824675],[-3.6950701761719653,40.4153205355682],[-3.695073711966329,40.4153205143116],[-3.6950772477606892,40.415320493054914],[-3.695080774284791,40.415319570949066],[-3.695084310079105,40.41531954969216],[-3.6950878366030597,40.41531862758614],[-3.695091363126915,40.41531770548002],[-3.6950948989211128,40.41531768422278],[-3.695099715288946,40.41532756521865],[-3.6950990377955955,40.41533045218695],[-3.6949541084447617,40.41565511938655],[-3.6948304801093523,40.4156228785054],[-3.694816709249522,40.41567256958115],[-3.694799799340146,40.415733584071006],[-3.6947535166333236,40.41590058812042],[-3.6946426436469686,40.41630065596775],[-3.6946384112695885,40.41631592740498],[-3.6946286513162683,40.4163525627701],[-3.6946191066942307,40.416387214850396],[-3.694616041160258,40.41639858466573],[-3.6946156380652617,40.416400076282784],[-3.694565740463741,40.41658483356162],[-3.6945463986844356,40.41665251759727],[-3.694539614123177,40.41668048639516],[-3.6945215064943486,40.416753568438985],[-3.6944407418387635,40.41703783849598],[-3.6944286355999423,40.41708016092853],[-3.694410021039696,40.41714523064806],[-3.694403236375258,40.417173199436455],[-3.694396020939445,40.41719847890902],[-3.6943761732895957,40.417268010099576],[-3.6943622782180365,40.41731668923817],[-3.6943431947279075,40.41738282212542],[-3.694331547912428,40.417423180517495],[-3.694329959300024,40.41749796512582],[-3.694316186095251,40.41753408401672],[-3.6943037304229818,40.41758370855992],[-3.69429348847236,40.417619355789284],[-3.6942650457564876,40.41771907652567],[-3.694166380377885,40.418073904560636],[-3.694113005657991,40.41826578790611],[-3.6941104537089355,40.4182749618203],[-3.694105906683038,40.41829129548685],[-3.694071942862304,40.41841160434417],[-3.6939772749751563,40.418746934236104],[-3.693975910571182,40.418751807308794],[-3.6939660135455425,40.41878664161865],[-3.6939341681098714,40.41889944579159],[-3.694042314973987,40.4189852834366],[-3.6940528930969063,40.419022575927954],[-3.694141393324458,40.4193345916966],[-3.6941682052841553,40.41942911844483],[-3.693903999798221,40.41947377309492],[-3.693888467258462,40.41947638884964],[-3.69376526677479,40.419497218362224],[-3.693764575303906,40.41949875404855],[-3.6937572113341965,40.419516275777184],[-3.693756652748447,40.419517436790855],[-3.693748901646972,40.41953353290891],[-3.6937397641088476,40.41955052473619],[-3.6937296808520323,40.41956725196615],[-3.693718768817886,40.41958362380643],[-3.693707028931289,40.41959973034169],[-3.693694578133803,40.41961548077953],[-3.693681179765093,40.41963078644936],[-3.6936670704848433,40.4196457360213],[-3.6936596056196387,40.41965343849389],[-3.6936443185808225,40.41966848521969],[-3.6936283197042816,40.419683085762024],[-3.693611608064656,40.4196971500358],[-3.6935941845870954,40.41971076812552],[-3.6935761662138553,40.41972384923894],[-3.693557435077456,40.41973639408286],[-3.693538109045536,40.419748401949875],[-3.6935183050607137,40.41975978204778],[-3.693445381759882,40.41979823761102],[-3.693351119124674,40.41999946582298],[-3.693239025430132,40.420238755958536],[-3.6931963471025755,40.420329913072635],[-3.6931962338573454,40.42033036420366],[-3.6931829804067347,40.4203598131387],[-3.6931237147383924,40.420486835564354],[-3.6930789839273994,40.420582706754814],[-3.6930780219879993,40.42058476748341],[-3.693006533200857,40.42074015150369],[-3.692936213541632,40.42089462756522],[-3.69290715740559,40.42095843796152],[-3.6928428371599775,40.42109969237542],[-3.6928209316951337,40.42114757155454],[-3.6927817153419427,40.42123159061711],[-3.692778943466571,40.421237624363876],[-3.692760960771044,40.421276760175886],[-3.6926710455409784,40.421474596866034],[-3.692598403909625,40.4216326902331],[-3.6925730451240395,40.42168869818377],[-3.6925211579547996,40.4218016219768],[-3.692454196743544,40.42193896043289],[-3.6924305799355404,40.42199243538585],[-3.692367788201501,40.42213407315447],[-3.692243275554259,40.42240689168594],[-3.6921983673018977,40.42251076449836],[-3.692172970928505,40.42256316896459],[-3.6921106585522945,40.42269417304867],[-3.692085271276322,40.42274747834349],[-3.692039183830659,40.42285135814805],[-3.692003437115079,40.42292904983222],[-3.6918938205493044,40.42316033722798],[-3.6918823377870806,40.42319013576681],[-3.69180390956841,40.423359074069694],[-3.6917243668175157,40.423534325308836],[-3.6917070917122974,40.423574068424244],[-3.6916609754544405,40.42367524552769],[-3.691645993177595,40.4237086685912],[-3.6916448328865488,40.423710477339725],[-3.691622925748336,40.423758356284345],[-3.6916067831412622,40.4237935880909],[-3.691577079237597,40.42385942272868],[-3.6915330131957877,40.423957092908104],[-3.6914753487580056,40.42408176249804],[-3.6914665597280694,40.424102280889734],[-3.691380941702601,40.424302147559395],[-3.6913451364809675,40.42438578533691],[-3.691396664968557,40.424398630381155],[-3.69133056348494,40.424567904526285],[-3.691237912425288,40.424805166388865],[-3.6912140202801043,40.42486648057731],[-3.691203373752333,40.42489372989055],[-3.691126945496969,40.42508934409724],[-3.6915780810709404,40.42519223218745],[-3.6916424782062167,40.425206892035725],[-3.691606895912874,40.4253007988458],[-3.6916023007726877,40.42531253807767],[-3.6915977148580033,40.42532517815748],[-3.691674510474443,40.425341835895146],[-3.6916827803478913,40.425343588224685],[-3.6917737582131784,40.42536376465843],[-3.6917784825395645,40.425364637292994],[-3.691845838817433,40.42538045049475],[-3.6918401110905847,40.42539670102997],[-3.6918394232093568,40.4253985970433],[-3.6918355344453113,40.42541024196676],[-3.6918272678657997,40.425431823023516],[-3.6918240512887284,40.425440040491644],[-3.6918913891903244,40.42545405196987],[-3.691913841317825,40.425459323019176],[-3.691983546041031,40.42547422118179],[-3.6920148990033197,40.425480922723274],[-3.6922388841580513,40.42552879543605],[-3.692223807305276,40.42556737770245],[-3.6921698176765463,40.425705539150044],[-3.692177045174761,40.42570909949122],[-3.6922299175376985,40.42573528209284],[-3.692482623193199,40.425860423097085],[-3.692618885508781,40.42592807547777],[-3.692669831978363,40.425952995537266],[-3.6926864181344703,40.42596100429033],[-3.6926911517558656,40.42596277773486],[-3.692903337487591,40.426076821815265],[-3.692964462420397,40.42610564471327],[-3.693095122523654,40.426167203965534],[-3.693135517095573,40.426186241116376],[-3.6931426268168437,40.42618980210276],[-3.693142744695672,40.42618980139602],[-3.693254001756398,40.42624453984244],[-3.693365376875658,40.42629927747281],[-3.6936474096797056,40.42644173014984],[-3.693732727027904,40.42648446157207],[-3.693786028602283,40.4265108805204],[-3.6938476624536336,40.42654142962726],[-3.693853584197623,40.42654409679626],[-3.6938583271477134,40.42654677103972],[-3.6938642396348906,40.42654853736069],[-3.694024163959557,40.42662415418179],[-3.69418450114982,40.42670503588071],[-3.6942412112921157,40.426733643164575],[-3.694273017149879,40.42674968733845],[-3.6943761099032337,40.426801320563726],[-3.694555053732496,40.426892137758585],[-3.6948027208157774,40.427016775987475],[-3.694931914946656,40.42708446809632],[-3.6952364165506433,40.42723308812008],[-3.6954485363052685,40.42733992065848],[-3.6956452208219672,40.42743603484768],[-3.6956956329212938,40.42745120720674],[-3.69628498195133,40.427628580328545],[-3.6963381493033354,40.42763997184015],[-3.696474019440098,40.42766888318088],[-3.69652363182706,40.427678494217716],[-3.6965968855615716,40.42769426910587],[-3.6966831248746406,40.42771176750036],[-3.6967575574954306,40.42772753518223],[-3.6968284444092103,40.427742423284876],[-3.6968390816329304,40.42774506187751],[-3.696839436207061,40.42774514983057],[-3.69699975380256,40.42777832761498],[-3.6970907271871716,40.427797598968716],[-3.6973029383263594,40.4278443373195],[-3.6975006974573468,40.42788431561244],[-3.697729890632647,40.42793158135109],[-3.6977667937611924,40.427939481164834],[-3.697844496649652,40.42795611489536],[-3.697926021335238,40.4279736408188],[-3.697976822276012,40.42798414495794],[-3.6981576006848114,40.42802359401016],[-3.698310003770503,40.42805510605269],[-3.6983584471905915,40.42806562426369],[-3.6983980551560274,40.428073439968614],[-3.6984116059051835,40.428076113968665],[-3.6985084349871626,40.42809611819947],[-3.6985344734690764,40.42810149782033],[-3.6985840957766785,40.428112008813436],[-3.6988416474377566,40.4281654072974],[-3.698852043445235,40.42816750662082],[-3.69889906498121,40.42817731247779],[-3.6989418796946656,40.42818615545878],[-3.6989719586844685,40.42819236731136],[-3.6990649371670425,40.42821162498461],[-3.699137518387113,40.428226665386795],[-3.699137595178484,40.42822668113864],[-3.6991842612830124,40.42823630884821],[-3.6991853240891266,40.42823648260108],[-3.699220291873297,40.42824347833717],[-3.699220349766223,40.42824349059969],[-3.699220666409077,40.428243558054064],[-3.69928009656366,40.42825092023286],[-3.6992801508641464,40.42825092711164],[-3.6994687066816154,40.428274325232934],[-3.6995195508817833,40.428282929328006],[-3.699558788081643,40.42831512440121],[-3.699623406073471,40.42832868655436],[-3.6998257998705393,40.42837116615041],[-3.6998955092868617,40.42838605949529],[-3.7000680100509364,40.42842285295681],[-3.700071546527594,40.428422831541674],[-3.7001365314043357,40.42843685244768],[-3.7001648551844433,40.42844283227594],[-3.7002635920510607,40.42846367663337],[-3.700323206374824,40.428476262394156],[-3.700366916403054,40.4284850066295],[-3.700375196224601,40.428487659177115],[-3.7005902474564314,40.42853500490323],[-3.700945869470206,40.428609425999426],[-3.7010251850533287,40.428626246907925],[-3.7011284119864603,40.42864813897554],[-3.701151135686867,40.42865293900831],[-3.7011537491513247,40.42865349072655],[-3.701218796392548,40.428667230463624],[-3.701231791587441,40.428669854348726],[-3.701279047700588,40.42867947763175],[-3.701314094427355,40.42864863434943],[-3.7013452850282653,40.42865786046658],[-3.701391479682267,40.42867152528529],[-3.7014079122380754,40.4286763868588],[-3.7014079524399484,40.42867639832662],[-3.701445356283633,40.428687477714554],[-3.701447760741194,40.428691967638116],[-3.7014822182495335,40.428717884736464],[-3.7015359578511577,40.42872961001922],[-3.7015826528624194,40.428739797844955],[-3.7016464595158993,40.42875382505006],[-3.7017303437786655,40.42877133396288],[-3.701787058774592,40.428783602330476],[-3.7018570799889456,40.42879903493994],[-3.701906401717747,40.42880990488718],[-3.702488624974797,40.42890817048549],[-3.70258074272589,40.42892382694437],[-3.702627980450869,40.428931647981585],[-3.7026716723087763,40.42893858964901],[-3.702682416457542,40.42894036128532],[-3.7026835796810955,40.42894055331455],[-3.702740166574157,40.428949885050244],[-3.7028181009139156,40.42896202392464],[-3.7030130864882955,40.42899428438744],[-3.7030163399941163,40.428994823162384],[-3.70301768036367,40.42899504474169],[-3.703217260003923,40.42902806521236],[-3.703338924048328,40.429050748558495],[-3.703488906521423,40.42907578198599],[-3.7036306222254947,40.42909942408931],[-3.703748712459272,40.429118525145164],[-3.703963655262845,40.42915505441219],[-3.704080576240699,40.429175063150545],[-3.70419395137586,40.42919419246661],[-3.7043132301631494,40.4292141866073],[-3.704427784265415,40.42923330851105],[-3.704576599971273,40.429259428716726],[-3.704654544384084,40.42927246719162],[-3.7046932486137973,40.42925331232743],[-3.7047283030015516,40.42926025541513],[-3.7047713199062473,40.42926879139539],[-3.704807840503247,40.42927603723281],[-3.7048316900311358,40.42930201799766],[-3.7050348267591255,40.42933681544219],[-3.705116317275674,40.42935073288152],[-3.7052001655064464,40.429364635881456],[-3.7052804678371967,40.42937765955038],[-3.705286286753524,40.42937041683325],[-3.705299094011782,40.42935502336145],[-3.7053119106755954,40.42934053073307],[-3.7053270850139115,40.429326023719085],[-3.705341089917722,40.42931242474024],[-3.7053574524949195,40.42929881137489],[-3.7053901964543114,40.429273386327004],[-3.705407756676194,40.42926156745153],[-3.7054264957305514,40.42924974138033],[-3.705445244191431,40.42923881615093],[-3.7054640020595806,40.42922879176337],[-3.705483938760214,40.42921876017912],[-3.7055050731205674,40.4292105230872],[-3.7055250192237916,40.42920139234075],[-3.70554616298805,40.429194056086224],[-3.7055520289326815,40.42919131757998],[-3.7055637702351705,40.4291867414114],[-3.705589610510007,40.42917757468125],[-3.7056166578610172,40.42917110328474],[-3.7056519570664137,40.429164581514414],[-3.705707277660116,40.42915613571413],[-3.7057473110299766,40.42915138682049],[-3.7057861843925064,40.429148446799346],[-3.706134774354,40.429206365079025],[-3.7061270710831677,40.42923339235106],[-3.706126187372394,40.429239073432875],[-3.706146341634666,40.42924985124781],[-3.706173154878936,40.42926608388785],[-3.706193583559205,40.42928055371742],[-3.706211166072068,40.42929341930557],[-3.7062210305369083,40.42930101671562],[-3.7062506427924986,40.42932561062979],[-3.706279946654149,40.429354530750985],[-3.7063114516218683,40.42939100499558],[-3.7063262737692204,40.429410464016556],[-3.706347736954659,40.42944492752707],[-3.706357344885527,40.42946180578535],[-3.7063701224347714,40.429488664690865],[-3.7063835808452534,40.429524258185985],[-3.706445303725771,40.42952983599674],[-3.706774184228999,40.429559558320506],[-3.7068987617849634,40.42957081648115],[-3.7072731802881775,40.429604651726784],[-3.7073247774136124,40.42960931443702],[-3.7075360171469667,40.429629643467855],[-3.707540384290411,40.42963002124535],[-3.7076138964357446,40.42963637402768],[-3.7076560704529435,40.42961089062112],[-3.7076939382071137,40.429615469637625],[-3.707693850132084,40.42961606477218],[-3.707712730530275,40.42961775099875],[-3.7077705694633214,40.42962460413141],[-3.7077918169993986,40.429627176755176],[-3.7078307660970724,40.42963144279971],[-3.707858172333124,40.42965920296317],[-3.707914813577791,40.42966426155258],[-3.7080186653282787,40.42967443640518],[-3.7080528896366256,40.42967783040855],[-3.708085925654288,40.42968033077782],[-3.7081484706092214,40.429686253995044],[-3.708182694929538,40.429689647959904],[-3.7082169192531396,40.429693041914575],[-3.7082286030557623,40.42969423160176],[-3.708281831372941,40.429699851460384],[-3.7083028356206,40.429701704758884],[-3.7083356142996147,40.4297045084356],[-3.7083981780502557,40.429709859329606],[-3.708401837198935,40.42971028735883],[-3.708418709820249,40.42971162541198],[-3.7084340537236966,40.429713333191344],[-3.708484791368879,40.429717526775626],[-3.708488327906951,40.42971750510246],[-3.7085168708902905,40.42972021126195],[-3.7086311195650774,40.42973104436805],[-3.7086346561037464,40.42973102269042],[-3.7091763426473867,40.42978445791179],[-3.709300263552698,40.429797211205674],[-3.709497461394808,40.42981700568244],[-3.7095539997360496,40.42982268121734],[-3.7098077455744187,40.42984905151425],[-3.7098372762572414,40.42985183686882],[-3.7098525891580794,40.42985328068574],[-3.7099729642886823,40.42986515412728],[-3.7100225327599894,40.42987025511817],[-3.7100414946050835,40.42987216298655],[-3.710191297595241,40.429887236541774],[-3.710270059822747,40.42989525177993],[-3.7104015352023603,40.429908631353335],[-3.7104167136116986,40.42991017592203],[-3.7104624327511244,40.42988557061185],[-3.7104969767404676,40.42988918535005],[-3.7105633892174286,40.42989614024866],[-3.710600519213157,40.42990003725997],[-3.710620815664802,40.42992423685734],[-3.7106491459738846,40.42992766632048],[-3.7108178630191264,40.429945902979625],[-3.710975410075247,40.42996293150882],[-3.710996145048648,40.42996517246044],[-3.7110527962512903,40.429971130351575],[-3.711474148772705,40.43001628583355],[-3.7115202453186127,40.430021255296],[-3.711537509101925,40.430023116612794],[-3.7117674454686966,40.430047903915174],[-3.711847964604007,40.43005658383759],[-3.711893144133532,40.430061454293],[-3.711949510485026,40.430040386439856],[-3.7119796240263763,40.430043200089685],[-3.7120777511229615,40.43005238942931],[-3.7121029226198807,40.43005475690991],[-3.7121232766684944,40.43008436129828],[-3.712184227390175,40.430090632690835],[-3.7122389371699303,40.43009626141891],[-3.7124059281959303,40.43011362981371],[-3.712811346001046,40.430155796623666],[-3.712885708839059,40.43016434711382],[-3.7129216852356084,40.430168048690255],[-3.712943539215136,40.430170296806],[-3.713019071423092,40.430177939096936],[-3.713033592289761,40.43017938917878],[-3.7130615577025763,40.43018218156113],[-3.7130639154085134,40.43018216701889],[-3.7131819434527853,40.430194952493935],[-3.713224429752353,40.43019919489808],[-3.71327636591915,40.43020518078692],[-3.7133601596937122,40.43021367278407],[-3.7134120863630806,40.43021875776858],[-3.7134474995693973,40.430223043738344],[-3.7134510361301403,40.43022302191317],[-3.713498247398326,40.43022813595905],[-3.7135678759379136,40.43023491342481],[-3.7136056468695635,40.43023918479339],[-3.7136634773680357,40.43024513412426],[-3.713795661401276,40.43025873248585],[-3.713804543158731,40.43025558124721],[-3.7138473404709886,40.430240395355156],[-3.713854385016756,40.43023764915109],[-3.713889217167079,40.43018698355989],[-3.7139205698686095,40.430141744856066],[-3.7139217296676383,40.43013993589013],[-3.7139472642844376,40.43010194032259],[-3.7139635109729103,40.430077515637635],[-3.7139844158877637,40.43004765677029],[-3.7139995122824914,40.43002594188989],[-3.7140006720774483,40.43002413292315],[-3.7140157684617767,40.43000241804066],[-3.7141598969394245,40.429807833877064],[-3.7141831212568985,40.42977435703713],[-3.7141900799707277,40.42976350322551],[-3.714198650695123,40.42975112954321],[-3.71422628574816,40.42971122994305],[-3.714269040548728,40.42964950176159],[-3.7143014476843645,40.42959254471155],[-3.7143106973245312,40.42957537042395],[-3.714314243382233,40.42957624941568],[-3.714328198852281,40.42955814514841],[-3.714350310884673,40.42953098146021],[-3.7143770143417805,40.42949207767059],[-3.7143976489250834,40.42946299877612],[-3.7145047895275076,40.42931200854736],[-3.7145198951270118,40.42929119444217],[-3.7145640330340943,40.429228759401056],[-3.7145791385969766,40.42920794528812],[-3.714607706636017,40.429167797484666],[-3.7146918167662637,40.42904959091455],[-3.7147882101569167,40.4289120578622],[-3.714791679884073,40.42890573009515],[-3.7147962902896823,40.42889579166716],[-3.7147974118931395,40.42889037932019],[-3.714797345128778,40.42888407341872],[-3.714787742812493,40.428867916551994],[-3.7146908176303826,40.42873247957385],[-3.714682090128516,40.42872100198044],[-3.714671689385583,40.42870737256508],[-3.7146477600283165,40.42867418711311],[-3.714640462389586,40.42866414212085],[-3.7146334043324254,40.428654456007976],[-3.714591120134029,40.428595378563124],[-3.714457504844716,40.42840869601982],[-3.7144108349321017,40.42834321857348],[-3.7142361254234246,40.428098351780186],[-3.714125987774359,40.427939572474465],[-3.7140685662850887,40.42786064776273],[-3.7140341000358545,40.427812581291064],[-3.714017115200932,40.42778889336507],[-3.7138903038103583,40.427614000561235],[-3.7133483658484034,40.426862536463815],[-3.7133332417582636,40.42684041082746],[-3.7133104475255383,40.42680920727351],[-3.7132825612443243,40.42677103511987],[-3.7132557850353822,40.42673438223928],[-3.7131657784095644,40.42661117332726],[-3.713139432070784,40.42657223668167],[-3.713118801635493,40.42654575848757],[-3.7131014289701905,40.426523462004226],[-3.713007809285046,40.4263878229753],[-3.712913980538209,40.42625735723696],[-3.7128059721748823,40.42610717520606],[-3.712779415212808,40.426070582119316],[-3.7127792963836956,40.4260704927617],[-3.7127406084325303,40.42602379425838],[-3.712654481156582,40.42590540606642],[-3.7125755124066426,40.425795081808445],[-3.712569262250822,40.42578638067576],[-3.7124917622767524,40.425678480642716],[-3.712454678458258,40.425627357730704],[-3.712453480673856,40.42562556330687],[-3.712424180202474,40.42558476901547],[-3.7124116057844945,40.425567262684496],[-3.712378105925445,40.42552062217478],[-3.712265505341973,40.4253510453506],[-3.712032611016457,40.425028827959046],[-3.711917383112129,40.42486940481736],[-3.7119114038283865,40.424861333512126],[-3.7119054055504304,40.42485146051805],[-3.71189580451031,40.4248353033891],[-3.7118216767582615,40.42473666051669],[-3.7116900574033407,40.42455188485282],[-3.7114673331763615,40.4243352372208],[-3.711362359818475,40.42421786490089],[-3.711350439462772,40.42420532560665],[-3.7110100850318073,40.42383002295173],[-3.7109783255125306,40.4237950010712],[-3.710862516360843,40.42366715435429],[-3.7108531657732415,40.423656831643925],[-3.710843705170287,40.423660693425525],[-3.7108223004711833,40.42366541963629],[-3.7107999157946923,40.42366663834658],[-3.7107778468097212,40.423664251499844],[-3.7107569205339686,40.42365843419247],[-3.710748160880689,40.423654974523046],[-3.710726286830541,40.423630004434166],[-3.7107183320901096,40.4236209235851],[-3.7107151804474765,40.423617387996494],[-3.710700598422639,40.42360102805002],[-3.7106937774155777,40.42359337536824],[-3.710691407150306,40.42359071876149],[-3.7106799530207284,40.42357787743043],[-3.710653271649662,40.42354796299297],[-3.7106491907607086,40.423543386265194],[-3.7106417912611276,40.42353508938691],[-3.7105958542472934,40.42348357792875],[-3.710551327442667,40.42343366139197],[-3.71055444655974,40.42339400248932],[-3.7106098856674845,40.423353863454096],[-3.710779887647877,40.42323076767299],[-3.710851736170677,40.423177255531996],[-3.710851792313552,40.42317721374524],[-3.710857472419172,40.42317682386465],[-3.7108631189490566,40.42317570806239],[-3.7108684052209906,40.42317396384283],[-3.7108856576483777,40.42316674062692],[-3.710910800242263,40.42315664546112],[-3.710931248622129,40.423148435016266],[-3.7109631314173144,40.42313563352034],[-3.7109795577648974,40.423128325280125],[-3.711046008391007,40.423089266067535],[-3.71107261436977,40.42307362491619],[-3.711072672945764,40.42307359032159],[-3.71116232019072,40.42302089464304],[-3.7111941743214363,40.42302340140432],[-3.7112035472220692,40.423017938327774],[-3.7112160865578994,40.42301092423624],[-3.7112422194350594,40.422996258931526],[-3.7112457347445154,40.42299425531869],[-3.7112692051926968,40.42298075684026],[-3.7113216800240347,40.4229505771647],[-3.7113629052800183,40.42292686760075],[-3.711370798608135,40.422922285688585],[-3.711453670826747,40.422874175625815],[-3.71155739683966,40.42281395874965],[-3.7117143271494317,40.42272404031983],[-3.711717923164351,40.42272197943888],[-3.7118514903991855,40.42264458035047],[-3.711918278650032,40.42260633117131],[-3.7119709981646114,40.42257537581795],[-3.7120577010267852,40.42252529217687],[-3.712267399566614,40.42240147763082],[-3.712318949545978,40.422371430226825],[-3.712364634407349,40.42234412164814],[-3.7123877916363544,40.422330474421315],[-3.712645796064086,40.42217842451783],[-3.712672497663149,40.422139521089086],[-3.7126748265669334,40.42213680402356],[-3.7126821889759145,40.42207433776278],[-3.7126899473177555,40.42200850869136],[-3.7126986285693735,40.42193485499085],[-3.7127029821212965,40.42190059383257],[-3.712600719616297,40.421816539291456],[-3.7125792291056183,40.421567301740744],[-3.712579227204476,40.42156712157181],[-3.7125788319586523,40.42156261949175],[-3.712561784351559,40.42136632765493],[-3.712555335618264,40.42129542126795],[-3.712552449855392,40.42126368221314],[-3.7125524023291243,40.421259177989654],[-3.7125523452976203,40.42125377292146],[-3.7125429347931442,40.42114392071892],[-3.7125362333923597,40.421067385239624],[-3.712577231032612,40.42104280817073],[-3.7125913848608145,40.42104362183683],[-3.7126412282380565,40.42098891176455],[-3.7126508137646064,40.42097839048873],[-3.7126590646114117,40.420978339629556],[-3.712663769874354,40.420977409722184],[-3.71266846563047,40.42097557896991],[-3.712671973187257,40.42097285463849],[-3.7126754807437594,40.42097013030698],[-3.7126789787931362,40.42096650513065],[-3.7126801099510467,40.42096199364121],[-3.7126800814304795,40.42095929110705],[-3.7126800529099175,40.420956588572906],[-3.7126857015787826,40.42090319865386],[-3.7126986743816754,40.420780602136006],[-3.712719691341534,40.42058197383445],[-3.7127207835637837,40.42057165175756],[-3.7127207455347175,40.42056804837847],[-3.7127206979983947,40.420563544154625],[-3.7127210140748734,40.42055306109616],[-3.712721658327333,40.42053167778632],[-3.712722857865455,40.420491873885204],[-3.7127212787319857,40.42049124217686],[-3.7127217325170876,40.42043260047817],[-3.7127217332869575,40.42043256173458],[-3.712722209006351,40.42037164241627],[-3.7127268096461727,40.42036080321377],[-3.7127296828317364,40.420331034067],[-3.7127327429173818,40.4202993169155],[-3.7127416854128303,40.4202066570224],[-3.7127470273729553,40.42015437169044],[-3.7127539135642293,40.420086010125495],[-3.712755563084105,40.42006963414412],[-3.712760905024187,40.420017348810454],[-3.712768932995232,40.41994638019659],[-3.7127759993274183,40.419883922038885],[-3.712801672760596,40.419636015292774],[-3.7128098223178587,40.41951470343241],[-3.7128113117641894,40.41949946897951],[-3.712821718925597,40.41941336852559],[-3.7128901290431795,40.41941745124016],[-3.712918802945682,40.41917568362453],[-3.7129360768429116,40.41903002982368],[-3.7129420841608667,40.41897938181623],[-3.7129442408208297,40.418960359450736],[-3.7129463413722474,40.41893602209972],[-3.712947443951009,40.418928808071584],[-3.712948546529533,40.41892159404342],[-3.7129496491078444,40.418914380015266],[-3.7129528807630168,40.41888553117072],[-3.7129667577730734,40.418748508241904],[-3.7129101538815976,40.41874615457843],[-3.7129188508932867,40.41867673136831],[-3.7129209799744247,40.41865509655166],[-3.7129371667602094,40.41851355485964],[-3.7129404649705244,40.418491011928964],[-3.712955450714472,40.41836065064467],[-3.712966375088714,40.418265626223686],[-3.712968494633779,40.41824309055979],[-3.7129773787211473,40.418165941837266],[-3.712984690743709,40.41810244969786],[-3.712987998430076,40.41808080760965],[-3.7129944140853675,40.41801860568532],[-3.713052215031382,40.418022753734036],[-3.713067298859305,40.417888426042204],[-3.713069351783622,40.41785958445951],[-3.7130704543333213,40.41785237042912],[-3.7130715568828054,40.417845156398705],[-3.7130714807945733,40.41783794963769],[-3.7130725833437244,40.417830735607254],[-3.71307475039711,40.41781270416581],[-3.713075073552813,40.41780981928055],[-3.713094584344366,40.417639860557664],[-3.713116544191965,40.41744855962424],[-3.7131298006349134,40.417333083785536],[-3.713080260186782,40.417329785729876],[-3.71307605953318,40.41732947470001],[-3.7130996033152,40.41709651250061],[-3.713103338541898,40.417059552402165],[-3.713103336639661,40.41705937223312],[-3.7131037605332375,40.417054865099054],[-3.7131065396182774,40.41702782084065],[-3.7131643397215144,40.41703196884121],[-3.713213171136446,40.41661273377314],[-3.7132162143982117,40.41658660229808],[-3.713184914056185,40.416524633005174],[-3.713186205811894,40.41651312679928],[-3.7132247748309877,40.41616943093333],[-3.7132282446328193,40.416137818427245],[-3.7132426236320724,40.41600679773344],[-3.713269388121504,40.41576203716039],[-3.713272285905908,40.415735082250436],[-3.7132820023294584,40.415647185056514],[-3.7132828297039184,40.41563970154702],[-3.713282825898676,40.41563934120886],[-3.7132815997341533,40.4156348442529],[-3.7132803735698,40.41563034729691],[-3.713278965153258,40.415628236158504],[-3.7133611629486283,40.415467686107185],[-3.7133622654318073,40.41546047207165],[-3.713365959592062,40.415423215810854],[-3.7133750480429946,40.41533156390728],[-3.713385001252213,40.41523351655248],[-3.7133881677301064,40.415202323027074],[-3.7133910619223687,40.415173806866925],[-3.713349516310938,40.41514613517778],[-3.713339030465045,40.41493448738429],[-3.713659748815569,40.414946021725655],[-3.714078480451561,40.41497496795041],[-3.7143132098430125,40.41499153605423],[-3.7143639462690725,40.41499662800554],[-3.7145455821672475,40.415008118248444],[-3.7145412490036023,40.41504418119554],[-3.71455304441705,40.415045009200725],[-3.7145624826539962,40.41504585177306],[-3.714813602404741,40.415063038282725],[-3.714816079347518,40.41506320314959],[-3.7148290628894154,40.41506492468505],[-3.7148355498937935,40.415065335029595],[-3.7148420368982555,40.41506574537379],[-3.7148550109073786,40.41506656606108],[-3.7148691539714136,40.41506647861441],[-3.7148821089124753,40.41506549760825],[-3.7148950543187342,40.415063615755415],[-3.7149091783128108,40.41506172661346],[-3.7149221141827744,40.41505894391241],[-3.714933861928245,40.41505526765269],[-3.7149467787257064,40.415050683258514],[-3.7149585169331134,40.41504610615112],[-3.714965435323217,40.41504273002327],[-3.714971414656273,40.415039720063795],[-3.7149831337889183,40.41503334126352],[-3.7150053553162183,40.41501698756737],[-3.7150123600910807,40.41501063791878],[-3.715017026761575,40.415006104537746],[-3.7150251910494174,40.41499794590922],[-3.715035626683487,40.41498166509543],[-3.7150402647414635,40.41497442917791],[-3.7150437337479354,40.41496810139443],[-3.715043846838451,40.41496765024295],[-3.7150460146305804,40.414960880054785],[-3.7150493882714732,40.414945543819194],[-3.7150747945634928,40.414762413047896],[-3.71508233971769,40.414708132849924],[-3.7150844327141423,40.41469307390372],[-3.7150854777806397,40.4146804547811],[-3.7150871474239184,40.41467116514108],[-3.7150888132520206,40.41466151516291],[-3.7150615914383813,40.41465087267478],[-3.715066219934809,40.4146427359108],[-3.715076836702501,40.41464357115238],[-3.715098320342864,40.41449240168323],[-3.715101357781662,40.414471029664185],[-3.715104260305564,40.41445060803253],[-3.715098319731656,40.414446140254064],[-3.7150912005808205,40.414441679764764],[-3.715087626700599,40.41443809825205],[-3.715080507551325,40.414433637762066],[-3.715118010529479,40.41440663543492],[-3.715128466813482,40.414399106768506],[-3.715154490518786,40.414398791746834],[-3.7151808740509757,40.41438615192511],[-3.7152148127072286,40.41437885186789],[-3.7152406249227155,40.414377710204114],[-3.7152885147896315,40.414375594108535],[-3.7160215128986027,40.41436384973199],[-3.716125156880149,40.4143632078171],[-3.71615822772459,40.41436300297457],[-3.716478809952546,40.41436191768552],[-3.716703927511232,40.41436142332427],[-3.716711589688292,40.41436151096247],[-3.7167157720338175,40.414264691887006],[-3.71671868792985,40.41419736725629],[-3.7167206310306224,40.41409834583467],[-3.716720955162021,40.414095569040285],[-3.716721372098279,40.414087097955715],[-3.716720846082111,40.41407862370748],[-3.716719377878522,40.41407021836323],[-3.716716979847093,40.41406193590051],[-3.7167136762286224,40.41405383923229],[-3.716709479478194,40.414045991344615],[-3.7167044254310952,40.41403843706044],[-3.7166985502092995,40.41403124822806],[-3.7166919130282046,40.41402445150748],[-3.7166845264382524,40.414018118893054],[-3.7166764733217126,40.41401228590706],[-3.716667801299221,40.41400699729941],[-3.7166585697770937,40.41400229774694],[-3.7166488496605252,40.41399820482811],[-3.716638712045791,40.41399475413828],[-3.7166282280291187,40.41399198127283],[-3.716617480110094,40.41398988572035],[-3.7166288784048,40.413965517683195],[-3.7166624162709123,40.41389381403867],[-3.7166834841251237,40.413848782377194],[-3.716693545247749,40.4138272514614],[-3.7167415797183696,40.41379992656624],[-3.7167703913713486,40.41374325044242]]]},"properties":{"AMBITO_GEOGRAFICO":"ZBEDEP Distrito Centro","OBJECTID":403,"_zbe":"zbedep_centro"}},{"type":"Feature","id":402,"geometry":{"type":"Polygon","coordinates":[[[-3.725975344214302,40.381123323121884],[-3.7258957008415456,40.381066936092246],[-3.725832640328021,40.381118683737725],[-3.7258303133459525,40.381121401070594],[-3.7257899521678226,40.381092825309615],[-3.7258571666099547,40.3810396543034],[-3.7255638641593167,40.380831993973004],[-3.7249709458968847,40.38041219887195],[-3.7249474383398353,40.38039555509914],[-3.7246428240159863,40.38017987945149],[-3.7232703582593163,40.37920810939841],[-3.7192272536054403,40.37907941401136],[-3.7192267481308856,40.37908350368093],[-3.719210281026705,40.37921661368011],[-3.7191955018248426,40.379336081514644],[-3.719194968037881,40.37934038938008],[-3.7191838285699435,40.37943035411258],[-3.7191640740292713,40.37958989200155],[-3.719143879001011,40.37975299301649],[-3.719132470314836,40.379845127000394],[-3.7191322056011114,40.379847264702846],[-3.7191087262416964,40.38003686655967],[-3.7191009323129807,40.380099804809376],[-3.7190981679346393,40.3801221231109],[-3.719079201638494,40.38027528213196],[-3.71907703724468,40.38029331377831],[-3.719105327955646,40.38029493967436],[-3.7190990888615367,40.380344123078274],[-3.7190956743727526,40.380362027362004],[-3.7191193174528747,40.38036751102021],[-3.719118746572888,40.38037254164456],[-3.7191187512342982,40.38040289325189],[-3.719118745706744,40.38041566818097],[-3.719118790926792,40.380423244547416],[-3.7191188682247907,40.3804282981682],[-3.719119031339067,40.3804358828106],[-3.7191191793161384,40.380440935991864],[-3.719119362632765,40.380445988953326],[-3.719119764605649,40.3804560946565],[-3.719120116101843,40.38046366911831],[-3.7191204912536007,40.380471252442064],[-3.7191210110253228,40.38048135741268],[-3.71912222220231,40.38050662939693],[-3.7191225266755095,40.380514213160176],[-3.7191226629665914,40.380518167304615],[-3.7191230435865035,40.38052958846808],[-3.7191248927363585,40.38052954994154],[-3.719149697853819,40.38052908937435],[-3.719151767941261,40.38059170411379],[-3.719155672742932,40.38070986471805],[-3.719162173722759,40.38081603248596],[-3.719168079955078,40.3809127984575],[-3.7191750092546734,40.38104483767107],[-3.719174871782244,40.38106292878391],[-3.7191737917221372,40.38108100774055],[-3.7191717804703597,40.38109903843378],[-3.7191688259588096,40.38111699391132],[-3.7191649395835116,40.38113483806582],[-3.719160121152149,40.38115255288025],[-3.719154393936545,40.38117011118247],[-3.719147745772882,40.38118747701163],[-3.719147297945461,40.381188569896814],[-3.719143997355737,40.38119746798243],[-3.7191233164742816,40.38125321512475],[-3.7191081680914984,40.38129879623374],[-3.7190895736645473,40.38135367002613],[-3.719085723215749,40.381365035515806],[-3.7190165930685253,40.3815599986958],[-3.718985260399679,40.38161137416202],[-3.7189681968678148,40.3816430481111],[-3.718864311108137,40.3817802447631],[-3.7188413976551646,40.38184544095063],[-3.7188292628114468,40.38187996805013],[-3.7188159046886744,40.3819166730423],[-3.7187625945742666,40.38209940517281],[-3.7187586161753727,40.3821130399348],[-3.7187531257175106,40.382131830988584],[-3.718741174010091,40.38217672550192],[-3.718704445263623,40.38230570269878],[-3.7187025942217704,40.38231221876673],[-3.718691376014257,40.38234854106964],[-3.718691273630817,40.3823488840514],[-3.7186904701729784,40.38235198817211],[-3.7186345333804054,40.3825669773883],[-3.718633367597865,40.382571462151],[-3.718627889414054,40.38259252341207],[-3.7186225710735847,40.3826136602567],[-3.7186199203783254,40.38262419484217],[-3.7186159300920774,40.38264004230462],[-3.718614011899479,40.382647668708074],[-3.7185770226965817,40.382794643131284],[-3.7185689137993254,40.38282524154248],[-3.7185630901031232,40.38284716261202],[-3.7185527855044684,40.382886326093875],[-3.718552598674317,40.38288681554747],[-3.7185524416687783,40.38288722913939],[-3.718533980711657,40.38295707420674],[-3.7184747140925722,40.383144831520355],[-3.7184699376877255,40.383160987467114],[-3.718469935628365,40.383161015408085],[-3.718417857695692,40.38333659277919],[-3.718390205347993,40.3833316311918],[-3.7180177034024573,40.383264788261876],[-3.7180078990420924,40.38326344552266],[-3.7179988261723644,40.38326220274618],[-3.7179813002130957,40.38325906018394],[-3.7178288546621494,40.383231726168596],[-3.7177780749395666,40.38322032955984],[-3.7177001160962466,40.383204479955054],[-3.7174297811152637,40.38314951731466],[-3.7173918850675993,40.38314209469369],[-3.7173835038419907,40.3831405250526],[-3.7173740595214917,40.38313869173325],[-3.7173646152014856,40.38313685841313],[-3.7173552886851224,40.38313502436145],[-3.7173469065055684,40.383133364632705],[-3.717337579990148,40.383131530579575],[-3.7173281356720995,40.383129697256464],[-3.7173186913545537,40.38312786393255],[-3.7173104279354514,40.38312629355538],[-3.7173009836188404,40.383124460230036],[-3.717291657105842,40.383122626173176],[-3.717283274929324,40.38312096643978],[-3.7172727684751217,40.383118959518605],[-3.7172620235487543,40.38311668380293],[-3.717190115213653,40.38310145398753],[-3.7171774923970617,40.38309917909982],[-3.717149038535319,40.383094051013146],[-3.7171419553013916,40.38309278682107],[-3.717141720414722,40.383092745034126],[-3.7171259683066427,40.383129329536494],[-3.7171209091621478,40.38314107272762],[-3.7170785277711293,40.383239163451755],[-3.717073878774982,40.38324992390833],[-3.7170681032398525,40.383260770630365],[-3.71705996208274,40.38327073111217],[-3.717051820923243,40.38328069159343],[-3.7170436702090113,40.383289751224346],[-3.7170343414583353,40.38329881815938],[-3.7170238251186323,40.38330699154842],[-3.7170121211898888,40.383314271391235],[-3.71700041725862,40.383321551232854],[-3.716988713324825,40.38332883107328],[-3.7169758122506504,40.383334316517114],[-3.7169706072556448,40.383336529889654],[-3.716962911174367,40.38333980195952],[-3.7169488320608632,40.3833452947043],[-3.7169347338432175,40.38334898574781],[-3.716924068540532,40.38335177802113],[-3.7169206356240116,40.38335267678965],[-3.71690534981741,40.383355474283356],[-3.7168912324945165,40.38335736362209],[-3.7168869086105834,40.38335789944137],[-3.716875937135446,40.38335926026217],[-3.716860622675621,40.38335935520068],[-3.716846486251098,40.383359442834404],[-3.716840235233216,40.38335911401396],[-3.7168311622415917,40.38335863691924],[-3.7168158286830844,40.38335693015224],[-3.7167934078153295,40.38335346549703],[-3.7162998439327373,40.3832484147805],[-3.716024742076348,40.383191559444505],[-3.7159338046590564,40.38317050067383],[-3.715894541496637,40.3831623481813],[-3.7158215101856915,40.383147183025464],[-3.7157484340367857,40.38313200819092],[-3.71571417577145,40.38312321113962],[-3.71570473245008,40.38312146776851],[-3.7156905579346455,40.383117951860385],[-3.71566809906491,40.383110883585495],[-3.7156491838272205,40.38310469428478],[-3.715634971184037,40.38309757496954],[-3.7156266772990807,40.38309312175147],[-3.715591098044005,40.38307081920264],[-3.715582794632385,40.383065465131274],[-3.7153649811390994,40.38292100335572],[-3.715222119815063,40.3828262528402],[-3.715214037776148,40.38281954600915],[-3.715210234744497,40.382816416348746],[-3.7152019123388715,40.382809260548896],[-3.7151876426397563,40.38279673607626],[-3.7151757194702224,40.38278329618034],[-3.715164983858133,40.382770749847786],[-3.7151434745385665,40.382742053778664],[-3.7151327389390754,40.38272950744297],[-3.715117281718572,40.38271608939616],[-3.715103040633793,40.382706267463206],[-3.7150852654802997,40.38269646738262],[-3.715068706459412,40.38269026341565],[-3.7150509789430517,40.38268496758086],[-3.7150297459333683,40.38268239614647],[-3.7150073444262413,40.38268073284235],[-3.714992112514928,40.38268104414169],[-3.7148177111193283,40.38268460794625],[-3.714792991656484,40.382686562565624],[-3.714792896434866,40.38267755406276],[-3.714640940851599,40.38267939415503],[-3.7145338954583345,40.38268032411536],[-3.714370265162383,40.382681744994585],[-3.714281652996218,40.382682514899656],[-3.7142367712235447,40.382682882211085],[-3.7142370593401517,40.38269900670556],[-3.7141928834193654,40.382699279549385],[-3.7140332434168535,40.382700265393545],[-3.713957867510639,40.38270073079486],[-3.7138094554197134,40.38270344882585],[-3.7135208678628144,40.38270793258509],[-3.713502047979519,40.38271075143542],[-3.7134844061195995,40.3827135630143],[-3.7134797130289785,40.38271539378886],[-3.7134445813706995,40.38273543054589],[-3.713446854914131,40.38289397653246],[-3.713447460032405,40.38293614525741],[-3.7134484575416957,40.383005679379],[-3.713448771824821,40.38302765151472],[-3.71344903838237,40.383046216706504],[-3.7134505300585197,40.383075937504586],[-3.7134582160401908,40.383134449177085],[-3.71345942258618,40.38313714446032],[-3.7134605507543865,40.383141678982625],[-3.7134643438172854,40.383156934097826],[-3.7134691890138174,40.383169516931325],[-3.7134740342121826,40.38318209976454],[-3.713481225974264,40.3831937672102],[-3.713487239705293,40.383205441923884],[-3.713495609505952,40.38321710210007],[-3.713507123942688,40.38323649069092],[-3.7135100016023896,40.38324124775339],[-3.713525592655845,40.38326736800678],[-3.713541211287972,40.38329610072413],[-3.71356416431558,40.383350013635464],[-3.71357019708736,40.38336349004512],[-3.7135787285279527,40.38339046467173],[-3.713579285376021,40.38339299459185],[-3.7135836783323275,40.38341295685408],[-3.713586243545996,40.38343276102401],[-3.71358640515383,40.383448075480885],[-3.7135853506984016,40.38345979380568],[-3.7135799833534158,40.38350937692513],[-3.713572503686868,40.38355114958443],[-3.7135699703854637,40.38356529507436],[-3.7135643463570704,40.38359055523204],[-3.7135439401227623,40.383666357510414],[-3.7135178812677436,40.38376471738841],[-3.7135144326873126,40.383772846848345],[-3.7135064050072533,40.38379361728849],[-3.713517054929155,40.38379805612081],[-3.713543602810928,40.383813027580665],[-3.7135597211734255,40.38382211739255],[-3.713550524963052,40.38384379595518],[-3.713538972656781,40.383865489055324],[-3.713533518797136,40.3838757291063],[-3.7135274203431807,40.38388718215429],[-3.713515858516693,40.38390797440174],[-3.7134694780708193,40.38397853147506],[-3.713436573576377,40.38402469616148],[-3.7134288452035973,40.384035539434635],[-3.71331101995723,40.38420185337218],[-3.7132960464140075,40.38422311709655],[-3.7132565449054353,40.38427884593178],[-3.7131769427115007,40.38439115050673],[-3.713161700220339,40.38440926269066],[-3.7131304570792065,40.38445179809041],[-3.713104315235222,40.3844857334784],[-3.7130990770930263,40.38449253250755],[-3.7130909447016154,40.38450339356444],[-3.7130501592111753,40.384545987785884],[-3.7130377296415213,40.38455758255003],[-3.713032659343862,40.3845623120543],[-3.7130023243207466,40.384590427276564],[-3.7129707922170883,40.38461674805374],[-3.712946252455602,40.384635818440664],[-3.7129193565623715,40.38465490334834],[-3.7128713790505885,40.38468583003022],[-3.7128103801074723,40.384722062231475],[-3.712806984625081,40.384724065161485],[-3.712782609169946,40.38473637768403],[-3.7127554538389402,40.384753211880394],[-3.712752424864374,40.38475500173706],[-3.712726182732228,40.384770509565385],[-3.7127053274776203,40.38478203550317],[-3.712681672771139,40.384795108433856],[-3.712669949124059,40.384800586140734],[-3.7126646836674544,40.38479865190759],[-3.7125908254168647,40.38477152394235],[-3.7124969544237865,40.38481876944862],[-3.712432483726423,40.384849797570126],[-3.7124078677988526,40.384861661040766],[-3.7123469122283725,40.384890865640905],[-3.7122836099669554,40.38492098557262],[-3.712257815923092,40.38493285626812],[-3.7122421090320796,40.38494046929568],[-3.712195691646751,40.38496296889592],[-3.7121992637937784,40.38496655053084],[-3.7121769944238436,40.38497749859108],[-3.7121734222773966,40.38497391695548],[-3.7121010739283418,40.3850025672605],[-3.712097161142363,40.38500411659447],[-3.7120889526332728,40.38500777077821],[-3.712081960135986,40.38501502110874],[-3.712074967637217,40.38502227143884],[-3.7120762215968437,40.38502947098811],[-3.712077475556758,40.38503667053731],[-3.7120810761620118,40.385042954727176],[-3.712096590246859,40.38506177827774],[-3.7121066047572393,40.385073441035274],[-3.712120445680102,40.38508955954677],[-3.7121418625303466,40.38512026396242],[-3.712242458841785,40.38526448531684],[-3.7121886946081353,40.385305357353275],[-3.7121907835636585,40.385391831734196],[-3.712190882100784,40.38540118706532],[-3.7121911631002624,40.38542786574901],[-3.7122070655927404,40.38545111575872],[-3.712237581879257,40.385495729998446],[-3.7122629577147257,40.38553282988046],[-3.712297643816245,40.38558216620867],[-3.7123000189466278,40.38558395339584],[-3.712303572152486,40.38558573332615],[-3.712353298072616,40.38560885063841],[-3.7123626015558107,40.385625252929024],[-3.7123953740750624,40.385683051539424],[-3.7124169225230896,40.38572107227043],[-3.712414623316764,40.385726491887986],[-3.712412324110074,40.38573191150551],[-3.7124100249030203,40.385737331123],[-3.7124100818516883,40.38574273622465],[-3.7124101482918164,40.385749042176556],[-3.712411383318767,40.38575444002029],[-3.71241379642424,40.3857598306061],[-3.7124162000385805,40.38576432034155],[-3.712443697502733,40.38580115575715],[-3.7125056619435695,40.385884165687955],[-3.7125607981150637,40.38595802568918],[-3.7125655104420585,40.38595799665121],[-3.712570213275408,40.38595706676286],[-3.712584340762327,40.385956078797015],[-3.712584397725368,40.38596148389827],[-3.7125844641822665,40.38596778984973],[-3.712595301974166,40.38599226381655],[-3.712642129276552,40.38609803020992],[-3.7126894640575214,40.386204982653815],[-3.71269089851784,40.38622929834695],[-3.7126994015005113,40.38625357047464],[-3.712748139883342,40.38629471187257],[-3.712739490490523,40.3863582612265],[-3.712734635532683,40.386393940105705],[-3.7127240831396215,40.38647143824333],[-3.7126877522369495,40.38648968033706],[-3.7126725830753373,40.386684372789915],[-3.7126690723143723,40.38672943715398],[-3.712658411783938,40.38683581006784],[-3.7126537864190374,40.38688735432765],[-3.7126278359842737,40.38717654193337],[-3.7126173733532863,40.387294325424065],[-3.7126159767927667,40.3873100476767],[-3.7126141442325453,40.38733068166658],[-3.7126132225786512,40.38733970634136],[-3.71260880439284,40.387382967266575],[-3.7125918440801793,40.38756235257165],[-3.7125778801798104,40.387703428092735],[-3.7125758719108184,40.38772371361095],[-3.712573037398281,40.387749892558176],[-3.71257265088447,40.38775346343828],[-3.712569581763572,40.38779762686419],[-3.7125684985922334,40.38780664262325],[-3.7125674818802783,40.387821964331714],[-3.712563291603748,40.3878715401163],[-3.712562198936329,40.38787965502524],[-3.712561096774497,40.3878868690843],[-3.7125611632337416,40.38789317503367],[-3.7125635954183767,40.38790036731341],[-3.7125660181092806,40.38790665874318],[-3.712568440800654,40.387912950172876],[-3.7125732197243266,40.387919227082776],[-3.7125779891544664,40.38792460314255],[-3.712582739596422,40.387928177502324],[-3.712588668155008,40.38793174460188],[-3.7125957653357533,40.38793440359111],[-3.712612325426323,40.38794060789758],[-3.7126039225844694,40.38797168696623],[-3.712559524881249,40.38813570066061],[-3.712548728725971,40.38817557832893],[-3.7125383959797302,40.388183407829814],[-3.7125347958502672,40.388186132738824],[-3.7125301403311304,40.388191566876074],[-3.7125196226885837,40.38819973985978],[-3.712519641676043,40.388201541559546],[-3.712430208937823,40.38828803745026],[-3.7123715200241136,40.38834479768601],[-3.7122632167669853,40.38846528565306],[-3.712243482827578,40.3884933353633],[-3.712230703751077,40.388510531332976],[-3.7122179341579487,40.388528628151114],[-3.7122063426849765,40.38854671771161],[-3.7121959293331144,40.38856480001482],[-3.7121867035927485,40.38858377591092],[-3.7121774778472703,40.38860275180625],[-3.712171720056829,40.388615399984104],[-3.7121556342905997,40.38865423811002],[-3.7121616103367625,40.388662309480004],[-3.7121664177444345,40.38867128895537],[-3.7121700470241095,40.38868027568642],[-3.71217368579405,40.388690163267185],[-3.712176136946131,40.38869915725391],[-3.7121774194584596,40.38870905934639],[-3.7121775143518785,40.38871806784496],[-3.712176450093904,40.38872888529918],[-3.712169675479757,40.38875685518019],[-3.712120309092853,40.388860035727554],[-3.712097518789121,40.388907669258685],[-3.7120486283086858,40.389009854942586],[-3.71203361615379,40.389038776447414],[-3.7120000078847193,40.38911017586329],[-3.711997890864595,40.38911467271886],[-3.711997165961748,40.38911632224079],[-3.7119863846166665,40.3891408699053],[-3.7118426394881627,40.389438574419714],[-3.7118410978224006,40.38944176681888],[-3.711831709631148,40.389460888730596],[-3.7118237955930176,40.38947700874983],[-3.7117754042647846,40.389580911071214],[-3.7117848931040633,40.38958432746573],[-3.711793854461852,40.389587554312044],[-3.711796641050708,40.389588570500564],[-3.7118120690334546,40.389594199000356],[-3.711809836044481,40.38960592455237],[-3.711784265336767,40.38961680276336],[-3.711784030656072,40.389616894298776],[-3.711790112382114,40.3896258227006],[-3.711804376084425,40.389646762996136],[-3.71184147325582,40.38970122606332],[-3.7118725983337457,40.38974788167676],[-3.7119096995740577,40.38980260866188],[-3.711945613238415,40.389856442038145],[-3.7120042533726383,40.38994256816054],[-3.712007006763102,40.389946695384026],[-3.712009520728598,40.38995046371846],[-3.71201502751115,40.389958718165104],[-3.712019816018823,40.38996589594456],[-3.7120244838660104,40.38997280419435],[-3.7120419571873406,40.38999855266192],[-3.7120682997167003,40.39003857094941],[-3.712070216073044,40.390041532145226],[-3.7120784753209524,40.39005382372538],[-3.7121036055801433,40.39009060620048],[-3.71210384026203,40.39009051466441],[-3.712226761288307,40.390037595036475],[-3.71223743502693,40.39003302475212],[-3.7123123867871346,40.390001031282864],[-3.7123886059650246,40.38996632723246],[-3.7124648060770324,40.38992982143304],[-3.712548027534865,40.389888767776604],[-3.712641776269403,40.38984044191682],[-3.712727315817829,40.38979577021249],[-3.712797605817245,40.38975749880522],[-3.7129990026664363,40.38963823819801],[-3.7130303082638716,40.38961926843546],[-3.7130786129896607,40.38958999916046],[-3.7131535201254384,40.38954268998239],[-3.7132472046900697,40.38948021526432],[-3.713343058243128,40.389416294645656],[-3.7135698492366664,40.38924732643355],[-3.7136855340157076,40.38915652167328],[-3.713720256781963,40.38912702153871],[-3.7138233272298127,40.38903945398273],[-3.713907382445218,40.388965961503914],[-3.714504589065404,40.38839470070739],[-3.7145943905324854,40.38830765859422],[-3.7148011055236765,40.3881082865385],[-3.7149046275951054,40.38800844124367],[-3.714966767035542,40.387948863772486],[-3.715094628662287,40.38782627393211],[-3.7151079210006253,40.387813128559394],[-3.7152761768099625,40.38764704149899],[-3.71539512018829,40.38753062906085],[-3.7154330216997704,40.38749381768999],[-3.715539050592527,40.3873928905368],[-3.715581628140051,40.38735262672983],[-3.7156640393646416,40.38727657644774],[-3.7157032071227527,40.38724043193105],[-3.7157539615786446,40.38719354081872],[-3.7157858071503624,40.38716343353806],[-3.7158492549585866,40.38710249972982],[-3.715879925206326,40.38707266997147],[-3.715900906792241,40.38705202999423],[-3.715916422017437,40.387036768045256],[-3.7159628584361095,40.38699090448319],[-3.7159944705273222,40.38695968326543],[-3.716031620979374,40.386922990762145],[-3.716033485901407,40.38692108730648],[-3.716037215745162,40.38691728039506],[-3.7160439728784187,40.38692120255048],[-3.716089468357546,40.3868783979424],[-3.7162430098486294,40.38680294188098],[-3.7162517115324425,40.386801356438184],[-3.716260297314913,40.38679995189433],[-3.716269120624744,40.38679872606024],[-3.7162778280333617,40.38679768112511],[-3.7162866561142835,40.386796905714355],[-3.716295485149348,40.38679622038787],[-3.716304317047329,40.386795805315515],[-3.7163131508539498,40.38679557041235],[-3.7163139496026205,40.38679556546443],[-3.716322104378829,40.38679551494858],[-3.7163309420029456,40.386795640383816],[-3.7163397815359147,40.386795945988226],[-3.7164419210344604,40.38681441967393],[-3.716486092931228,40.386822409121876],[-3.7166791544311546,40.38685732565009],[-3.7167009948746093,40.38686127590605],[-3.716796621239086,40.386879602256634],[-3.7168048774664877,40.3868804519863],[-3.7168190050766716,40.38687946350213],[-3.7168354793290126,40.38687755956076],[-3.7168375701330545,40.386876961009136],[-3.7168466246055183,40.38687420215363],[-3.716855282135899,40.38687078629322],[-3.7168553184849653,40.38687076985154],[-3.7168635231357205,40.386866754991196],[-3.7168711262086904,40.38686211772833],[-3.716878149816902,40.38685694351231],[-3.716879997426705,40.38685529871107],[-3.7168844534293024,40.386851312494365],[-3.716884477911423,40.38685128801806],[-3.7168900743247577,40.38684518480353],[-3.716892619294782,40.38684175097915],[-3.7168949187873,40.38683872228357],[-3.7168988297195926,40.38683188716938],[-3.716898848177511,40.3868318501177],[-3.7169019580772673,40.38682480465242],[-3.716904120045725,40.38681758398134],[-3.7169053305488693,40.386810188126475],[-3.716905332532552,40.38681015297873],[-3.716905440106718,40.38680740904558],[-3.7169056235097635,40.38680270516647],[-3.7169049908602685,40.386795263080415],[-3.71690405250645,40.386790879671985],[-3.7169034523671836,40.38678794823295],[-3.716900919062362,40.386780703517466],[-3.7169009033459526,40.386780665776755],[-3.7168975358357152,40.3867737487582],[-3.716897521364274,40.386773717316125],[-3.716893274817631,40.38676701115426],[-3.7168881942570104,40.386760650706165],[-3.716882366829626,40.38675474354046],[-3.7168823239884166,40.3867547032652],[-3.716878794432713,40.38675161521068],[-3.7168787492735182,40.38675157855339],[-3.7168786922474273,40.38675153386149],[-3.71687456704132,40.3867482711197],[-3.7168697773581103,40.38674545394227],[-3.7168683560516875,40.38674474653129],[-3.7168806149752265,40.386735305589404],[-3.7169309674572695,40.38669617327309],[-3.7169387165008563,40.38670197122432],[-3.7169394270250136,40.386702312767895],[-3.7169394778931872,40.386702332272506],[-3.7169430861869674,40.3867035126138],[-3.7169457359105706,40.386703847539685],[-3.7169469674641906,40.38670399305842],[-3.7169508649480894,40.386703779702906],[-3.7169546252953465,40.38670285547986],[-3.716957907718418,40.386701303583976],[-3.716957936836418,40.386701271871644],[-3.716960712217245,40.3866991240153],[-3.716962688229474,40.38669658921996],[-3.7169633813521994,40.3866948452682],[-3.7169638357551684,40.386693699197984],[-3.7169642537103833,40.38669233803662],[-3.7169648964201136,40.38669039529667],[-3.7170014075385627,40.386579588705914],[-3.717004871897625,40.38656908515489],[-3.7170050134623933,40.38656865814738],[-3.7171016197341036,40.38658754033835],[-3.717222629420835,40.38661119275297],[-3.717317787195897,40.38662979185277],[-3.717808329844169,40.386725444163346],[-3.717844813226661,40.386732558288166],[-3.7178440268155075,40.38673505688459],[-3.717854285799284,40.38673700402573],[-3.7179028937300935,40.38676553133099],[-3.717986634095522,40.38677402049636],[-3.7180549827139795,40.38677539791216],[-3.7180761692817623,40.38677346453215],[-3.71809145580829,40.3867706668791],[-3.7181067231981664,40.38676606752603],[-3.7181208124916028,40.386761475487184],[-3.71813487307895,40.38675418089965],[-3.7181465774751317,40.38674690094346],[-3.718158272300425,40.38673872013708],[-3.7181986419990567,40.386724933263274],[-3.7181987835087313,40.38672450175015],[-3.718247827336326,40.3867078735741],[-3.718362533232999,40.386668982345505],[-3.7185799669357578,40.386595261402505],[-3.7188849358631435,40.38649186051445],[-3.718915214998121,40.38648191002679],[-3.719325326767038,40.38634713867624],[-3.7193232847261233,40.38634345765439],[-3.7193985373785012,40.3863072234477],[-3.719412586230051,40.38629884768767],[-3.7194261561757185,40.3862897541787],[-3.7194391322822855,40.386280213908556],[-3.7194513957826905,40.38627013752548],[-3.719462947635496,40.38625961511463],[-3.7194737878408426,40.386248646676194],[-3.7194837985903537,40.386237232943394],[-3.7194930976927414,40.386225373183386],[-3.7195083063502965,40.38620088195216],[-3.7195727895156936,40.38609703839758],[-3.7196596092517,40.38595722486388],[-3.7196603711734277,40.38595730300563],[-3.71966978622446,40.3859563435021],[-3.7196780136070005,40.385954490480984],[-3.719685053320818,40.38595174394251],[-3.719692083445541,40.3859480965548],[-3.7196979163126094,40.38594265480123],[-3.7197014026082913,40.38593812856062],[-3.7197045728693943,40.38580872035093],[-3.7197046862132943,40.38580387275773],[-3.7197010752728183,40.3857966879637],[-3.719693901336705,40.385786822619416],[-3.7196867369910973,40.38577785812349],[-3.71968311876532,40.38577397340207],[-3.7196783945707717,40.385768900959036],[-3.719668893252511,40.385761752823484],[-3.719658213859874,40.385754612018864],[-3.7196475440573566,40.385748372062096],[-3.719648079746447,40.38568800785727],[-3.719678498760398,40.385667998556144],[-3.7196785847673333,40.38565537989599],[-3.719678957716374,40.38560042755965],[-3.7196787467752914,40.38558060888456],[-3.7196794837899603,40.38553916250451],[-3.7196801067043395,40.38548699602245],[-3.7196801057455184,40.38548690593756],[-3.7196802368221324,40.38547398339035],[-3.719681188336057,40.385379855045926],[-3.719681119464093,40.38537338424826],[-3.7195822863277845,40.38537309930308],[-3.7195830234012055,40.385331652921664],[-3.719575954987023,40.38533169690691],[-3.719575897466394,40.385326291813335],[-3.7195766537171804,40.38528664712949],[-3.7195791502889093,40.385155798043144],[-3.7196821843509236,40.385156191982965],[-3.7197806329007173,40.38515656932827],[-3.719864542553761,40.38515689025077],[-3.719867452760182,40.385156908170345],[-3.719874511564962,40.385155963318525],[-3.7198815607787443,40.38515411761739],[-3.7198885908103834,40.38515047021806],[-3.719966202438579,40.385136770695084],[-3.7201214256943653,40.38510938050208],[-3.720317013271137,40.38511086504707],[-3.7203577239146832,40.38511118802831],[-3.720507888591739,40.38511237862246],[-3.7207011200461113,40.3851138771982],[-3.720893163835121,40.385114481946474],[-3.720959433169104,40.38511514087621],[-3.7210400361416553,40.38511594282711],[-3.7211158565236784,40.38511669706832],[-3.72114528893053,40.38511471170491],[-3.721169999468397,40.385111854873685],[-3.7211947003958277,40.38510809718854],[-3.721224084753068,40.38510160756194],[-3.721252271822044,40.385093323578545],[-3.721275746626845,40.38508506898087],[-3.7212980337520785,40.3850759208782],[-3.7214152442695854,40.38501933337015],[-3.7214851333199754,40.38503715875209],[-3.7217335376863288,40.385100537105515],[-3.721811248871167,40.38512037474701],[-3.721913648230074,40.385123340952354],[-3.7220726278489744,40.385127843880326],[-3.7221869578647424,40.38513253535905],[-3.7222612336865626,40.385137476909115],[-3.722295023720451,40.38513954425014],[-3.72234139984363,40.38514238161663],[-3.7224475219430704,40.38515072774351],[-3.722594962993276,40.38516692376049],[-3.7226350749807393,40.38517207855028],[-3.722731811149533,40.38518408670429],[-3.72282266665235,40.38519703244498],[-3.7229602730737184,40.38521678589556],[-3.7230090996567755,40.3852237950963],[-3.723191988969518,40.385249678700504],[-3.7232796251338813,40.38526210727387],[-3.7233866783638456,40.38527729001458],[-3.7233968569109717,40.385237586367225],[-3.7234888906720154,40.38525052421281],[-3.7235180288080754,40.385129761609946],[-3.7235261185401347,40.38509623593666],[-3.7234352630465537,40.385083290748476],[-3.7234466099623496,40.38504267887761],[-3.723439531946232,40.385041822250535],[-3.7234467451065756,40.38501104353081],[-3.7234699516971705,40.38491190110963],[-3.7235265853640267,40.38491965494835],[-3.723545764121122,40.384840254996654],[-3.723548120240003,40.384840240254235],[-3.7235503992424643,40.384833018726],[-3.723574087743575,40.38473467147103],[-3.7235755536674535,40.384728536120136],[-3.7235925875179605,40.384657888392745],[-3.723616954775724,40.3845569242442],[-3.7236192337617124,40.38454970271439],[-3.72361687765299,40.3845497174582],[-3.7236348877929375,40.384471225708616],[-3.723587688553658,40.38446431379522],[-3.723591049192921,40.38444807641163],[-3.723607958407643,40.384376798822665],[-3.7236169586461867,40.384337102523865],[-3.723625891391885,40.38429110028617],[-3.7237244048261644,40.384304811822425],[-3.723739670489543,40.38424444188988],[-3.7236373942229686,40.38415499110148],[-3.7235995365307795,40.38412220339483],[-3.7235897023115525,40.384113688281914],[-3.723584704487076,40.38410838347343],[-3.7235839860943334,40.38410873842218],[-3.723521139914359,40.38405432217705],[-3.7235211078083177,40.384054294449776],[-3.7234760144331664,40.38401525282072],[-3.7234328617782433,40.38397789093891],[-3.723598069531506,40.38389307276359],[-3.723538502289069,40.38383128279079],[-3.7235842049300447,40.38380847410419],[-3.7235055288877836,40.38372247914753],[-3.7235618577851906,40.38369204445886],[-3.723596425493806,40.3836733784481],[-3.723647261923746,40.383645915949906],[-3.7236567826382414,40.38365486545685],[-3.7236614658714005,40.38365213342297],[-3.723818426282866,40.38356736654254],[-3.723975395943976,40.38348350029956],[-3.7241311871798954,40.383399641222645],[-3.724289324444331,40.383314866332576],[-3.724445105248299,40.38323010598875],[-3.724537638840001,40.38317997626621],[-3.724600895313168,40.383146246285456],[-3.724588989530054,40.38313460907429],[-3.724591335936117,40.383133693462824],[-3.7246494350769495,40.383102428225115],[-3.724684530595481,40.38308349011023],[-3.7246845751385127,40.38308346911019],[-3.724743610822211,40.38305165741065],[-3.7247447791953325,40.38305074917923],[-3.7248234463508854,40.38313584244752],[-3.72486797005532,40.383113040642606],[-3.72492399411248,40.38317395123997],[-3.724971738834358,40.38314862918111],[-3.725082139502602,40.3830900761238],[-3.725233949941307,40.38296479871852],[-3.725235108644929,40.382962989634024],[-3.72524222510996,40.38296744954587],[-3.7253134663245935,40.38290934456058],[-3.725378225434883,40.3828572748396],[-3.725408777579575,40.38283271000031],[-3.7254150847923078,40.38282762534508],[-3.7254781568674913,40.38277677877403],[-3.725481543173978,40.38277396471202],[-3.725578577583963,40.3826932651107],[-3.7256474911803963,40.38263787724947],[-3.725642750098255,40.38263520427409],[-3.7256474235132355,40.382631571312466],[-3.725666107501135,40.382616138615994],[-3.7256906235760656,40.382595263864246],[-3.725712822267408,40.38257800728584],[-3.7257808766779563,40.38255235472747],[-3.725836065998235,40.382506925950196],[-3.725867817933957,40.38248079038129],[-3.7259198424750624,40.38243796793849],[-3.7259444595586215,40.38241806548008],[-3.7260366382983685,40.38234354017279],[-3.7261756129080252,40.38223005392794],[-3.7262613712705335,40.38215921653834],[-3.7262690316053786,40.38215288999376],[-3.726280720816133,40.38214380298557],[-3.7262912300039215,40.382135633305516],[-3.7262942392081264,40.38213303420253],[-3.726312240704421,40.382117483163974],[-3.7264313720922897,40.382021238509836],[-3.726546988474592,40.38192681763453],[-3.726685951692307,40.38181242993504],[-3.72676598445152,40.38174716153145],[-3.7267921629404936,40.381725812128565],[-3.726805072329759,40.3817152840521],[-3.7267314745816287,40.38166349388487],[-3.7266151494437976,40.38158224216113],[-3.726548658705112,40.38153401085429],[-3.726449227835695,40.38146319344885],[-3.72643706536166,40.38145453103681],[-3.7263705748753937,40.381406299624295],[-3.7262577846053078,40.381325025331414],[-3.7261924820442918,40.38127768726314],[-3.7260369652139462,40.38116695106252],[-3.725975344214302,40.381123323121884]]]},"properties":{"OBJECTID":402,"AMBITO_GEOGRAFICO":"ZBEDEP Plaza Elíptica","SHAPE.STArea()":614701.315449075,"SHAPE.STLength()":4585.0667410950255,"_zbe":"zbedep_plaza_eliptica"}}]}